{"at":"2026-06-11T22:41:03.770Z","level":"info","event":"scan","scanId":"sr2_scan_fbda7a0a","mode":"assisted"}
{"at":"2026-06-11T22:41:03.783Z","level":"warn","event":"snapshot_restore","path":"data/roster/players.json","snapshot":"C:\\Users\\crour\\OneDrive\\Desktop\\gatorvault\\server\\data\\ops\\self-runner-snapshots\\roster-players.json","reason":"known_good"}
{"at":"2026-06-11T22:41:03.786Z","level":"warn","event":"snapshot_restore","path":"data/coaching-staff.json","snapshot":"C:\\Users\\crour\\OneDrive\\Desktop\\gatorvault\\server\\data\\ops\\self-runner-snapshots\\coaching-staff.json","reason":"known_good"}
{"at":"2026-06-11T22:41:03.794Z","level":"warn","event":"snapshot_restore","path":"data/live/feed-items.json","snapshot":"C:\\Users\\crour\\OneDrive\\Desktop\\gatorvault\\server\\data\\ops\\self-runner-snapshots\\feed-items.json","reason":"known_good"}
{"at":"2026-06-11T22:41:03.798Z","level":"warn","event":"snapshot_restore","path":"data/recruiting/players.json","snapshot":"C:\\Users\\crour\\OneDrive\\Desktop\\gatorvault\\server\\data\\ops\\self-runner-snapshots\\recruiting-players.json","reason":"known_good"}
{"at":"2026-06-11T22:41:03.801Z","level":"warn","event":"snapshot_restore","path":"data/war-room/breakdowns.json","snapshot":"C:\\Users\\crour\\OneDrive\\Desktop\\gatorvault\\server\\data\\ops\\self-runner-snapshots\\war-room-breakdowns.json","reason":"known_good"}
{"at":"2026-06-11T22:41:03.803Z","level":"warn","event":"snapshot_restore","path":"data/war-room/scouting-database.json","snapshot":"C:\\Users\\crour\\OneDrive\\Desktop\\gatorvault\\server\\data\\ops\\self-runner-snapshots\\scouting-database.json","reason":"known_good"}
{"at":"2026-06-11T22:41:03.816Z","level":"info","event":"issue_detected","scanId":"sr2_scan_fbda7a0a","checkId":"blueprint:html:missing_html_hooks","severity":"high"}
{"at":"2026-06-11T22:41:03.826Z","level":"info","event":"multi_file_patch","bundleKey":"blueprint","files":["index.html",null],"edits":8,"blocked":false}
{"at":"2026-06-11T22:41:03.828Z","level":"info","event":"patch_proposed","scanId":"sr2_scan_fbda7a0a","patchType":"multi-file-v2","files":["index.html",null]}
{"at":"2026-06-11T22:41:03.829Z","level":"info","event":"scan","scanId":"sr2_scan_fbda7a0a","finished":true,"issueCount":1,"patchCount":1}
{"at":"2026-06-11T22:46:05.257Z","level":"info","event":"scan","scanId":"sr2_scan_6dbe8845","mode":"assisted"}
{"at":"2026-06-11T22:46:05.280Z","level":"warn","event":"snapshot_restore","path":"data/roster/players.json","snapshot":"C:\\Users\\crour\\OneDrive\\Desktop\\gatorvault\\server\\data\\ops\\self-runner-snapshots\\roster-players.json","reason":"known_good"}
{"at":"2026-06-11T22:46:05.286Z","level":"warn","event":"snapshot_restore","path":"data/coaching-staff.json","snapshot":"C:\\Users\\crour\\OneDrive\\Desktop\\gatorvault\\server\\data\\ops\\self-runner-snapshots\\coaching-staff.json","reason":"known_good"}
{"at":"2026-06-11T22:46:05.296Z","level":"warn","event":"snapshot_restore","path":"data/live/feed-items.json","snapshot":"C:\\Users\\crour\\OneDrive\\Desktop\\gatorvault\\server\\data\\ops\\self-runner-snapshots\\feed-items.json","reason":"known_good"}
{"at":"2026-06-11T22:46:05.305Z","level":"warn","event":"snapshot_restore","path":"data/recruiting/players.json","snapshot":"C:\\Users\\crour\\OneDrive\\Desktop\\gatorvault\\server\\data\\ops\\self-runner-snapshots\\recruiting-players.json","reason":"known_good"}
{"at":"2026-06-11T22:46:05.313Z","level":"warn","event":"snapshot_restore","path":"data/war-room/breakdowns.json","snapshot":"C:\\Users\\crour\\OneDrive\\Desktop\\gatorvault\\server\\data\\ops\\self-runner-snapshots\\war-room-breakdowns.json","reason":"known_good"}
{"at":"2026-06-11T22:46:05.324Z","level":"warn","event":"snapshot_restore","path":"data/war-room/scouting-database.json","snapshot":"C:\\Users\\crour\\OneDrive\\Desktop\\gatorvault\\server\\data\\ops\\self-runner-snapshots\\scouting-database.json","reason":"known_good"}
{"at":"2026-06-11T22:46:05.354Z","level":"info","event":"issue_detected","scanId":"sr2_scan_6dbe8845","checkId":"blueprint:html:missing_html_hooks","severity":"high"}
{"at":"2026-06-11T22:46:05.372Z","level":"info","event":"multi_file_patch","bundleKey":"blueprint","files":["index.html",null],"edits":7,"blocked":false}
{"at":"2026-06-11T22:46:05.375Z","level":"info","event":"patch_proposed","scanId":"sr2_scan_6dbe8845","patchType":"multi-file-v2","files":["index.html",null]}
{"at":"2026-06-11T22:46:05.377Z","level":"info","event":"scan","scanId":"sr2_scan_6dbe8845","finished":true,"issueCount":1,"patchCount":1}
{"at":"2026-06-11T22:50:16.427Z","level":"info","event":"dedupe_rule","action":"rejected","reason":"truncated_copy","id":"gators-breakdown_8d3444c2-6539-11f1-ba26-df223621a9f3","title":"New episode: Gators Breakdown — INSTANT REACTION: Florida Gators Game Start Times for 2026 | Gators Breakdown Plus MEMBER CHAT","rawText":"David Waters chats with Gators Breakdown Plus members as the SEC drops the 2026 football start times. Get the READ & REACTION 2026 PREVIEW: https://a.co/d/0c13QdI9 #FloridaGators #GatorsFootball #SECF"}
{"at":"2026-06-11T22:50:16.430Z","level":"info","event":"dedupe_rule","action":"rejected","reason":"truncated_copy","id":"rec_evt_1781017597848_ej9v28","title":"Amare Patterson — OV to Florida cancelled · visiting South Carolina","rawText":"WR · 2027 · via Hayes Fawcett"}
{"at":"2026-06-11T22:50:16.432Z","level":"info","event":"dedupe_rule","action":"rejected","reason":"truncated_copy","id":"commit:285808|florida|2026-06-08","title":"Jaydee Lane commits to Florida","rawText":"LS · 3★ · Mendenhall, MS · #1801 natl"}
{"at":"2026-06-11T22:50:16.434Z","level":"info","event":"dedupe_rule","action":"rejected","reason":"truncated_copy","id":"intel:243862|official_visit|2026-06-11","title":"Easton Royal — Official Visit Scheduled","rawText":"2026 WR Easton Royal will take an official visit to Gainesville from June 11–13."}
{"at":"2026-06-11T22:50:16.435Z","level":"info","event":"dedupe_rule","action":"rejected","reason":"truncated_copy","id":"commit:288165|florida|2026-05-01","title":"Jaylen Jordon commits to Florida","rawText":"TE · 3★ · Hilliard, FL"}
{"at":"2026-06-11T22:50:16.437Z","level":"info","event":"dedupe_rule","action":"rejected","reason":"truncated_copy","id":"commit:284197|florida|2026-01-26","title":"Ace Ciongoli commits to Florida","rawText":"WR · 3★ · Needham, MA"}
{"at":"2026-06-11T22:50:16.438Z","level":"info","event":"dedupe_rule","action":"rejected","reason":"truncated_copy","id":"commit:283795|florida|2026-01-10","title":"Miller Fealy commits to Florida","rawText":"P · 3★ · Melbourne, VIC"}
{"at":"2026-06-11T22:50:16.440Z","level":"info","event":"dedupe_rule","action":"rejected","reason":"truncated_copy","id":"commit:283756|florida|2026-01-08","title":"Carter Milliron commits to Florida","rawText":"LS · 3★ · Hoover, AL"}
{"at":"2026-06-11T22:50:16.442Z","level":"info","event":"dedupe_rule","action":"rejected","reason":"truncated_copy","id":"commit:283676|florida|2026-01-06","title":"Alec Clark commits to Florida","rawText":"P · 3★ · Melbourne, VIC"}
{"at":"2026-06-11T22:50:16.444Z","level":"info","event":"dedupe_rule","action":"rejected","reason":"truncated_copy","id":"commit:162609|florida|2026-01-06","title":"Patrick Durkin commits to Florida","rawText":"K · 3★ · Plainfield, IL"}
{"at":"2026-06-11T22:50:16.445Z","level":"info","event":"dedupe_rule","action":"rejected","reason":"truncated_copy","id":"commit:239636|florida|2026-01-06","title":"Emmanuel Oyebadejo commits to Florida","rawText":"DL · 3★ · England"}
{"at":"2026-06-11T22:50:16.447Z","level":"info","event":"dedupe_rule","action":"rejected","reason":"truncated_copy","id":"commit:162020|florida|2026-01-05","title":"Lacota Dippre commits to Florida","rawText":"TE · 3★ · Jermyn, PA"}
{"at":"2026-06-11T22:50:16.448Z","level":"info","event":"dedupe_rule","action":"rejected","reason":"truncated_copy","id":"commit:148026|florida|2026-01-12","title":"Kanye Clark commits to Florida","rawText":"S · 3★ · Sacramento, CA"}
{"at":"2026-06-11T22:50:16.450Z","level":"info","event":"dedupe_rule","action":"rejected","reason":"truncated_copy","id":"commit:283144|florida|2026-01-19","title":"Evan Chieca commits to Florida","rawText":"TE · 3★ · Lindenhurst, NY"}
{"at":"2026-06-11T22:50:16.451Z","level":"info","event":"dedupe_rule","action":"rejected","reason":"truncated_copy","id":"commit:66322|florida|2026-01-21","title":"Jordy Lowery commits to Florida","rawText":"CB · 3★ · Bartow, FL"}
{"at":"2026-06-11T22:50:16.453Z","level":"info","event":"dedupe_rule","action":"rejected","reason":"truncated_copy","id":"commit:154828|florida|2026-01-05","title":"Bailey Stockton commits to Florida","rawText":"WR · 3★ · Athens, GA"}
{"at":"2026-06-11T22:50:16.454Z","level":"info","event":"dedupe_rule","action":"rejected","reason":"truncated_copy","id":"commit:113075|florida|2026-01-12","title":"TJ Bullard commits to Florida","rawText":"LB · 3★ · Tampa, FL"}
{"at":"2026-06-11T22:50:16.455Z","level":"info","event":"dedupe_rule","action":"rejected","reason":"truncated_copy","id":"commit:153739|florida|2026-01-09","title":"Harrison Moore commits to Florida","rawText":"IOL · 3★ · Southlake, TX"}
{"at":"2026-06-11T22:50:16.457Z","level":"info","event":"dedupe_rule","action":"rejected","reason":"truncated_copy","id":"commit:155719|florida|2026-01-10","title":"Eric Singleton Jr. commits to Florida","rawText":"WR · 3★ · Douglasville, GA"}
{"at":"2026-06-11T22:50:16.458Z","level":"info","event":"dedupe_rule","action":"rejected","reason":"truncated_copy","id":"commit:154954|florida|2026-01-16","title":"Jaylen Lloyd commits to Florida","rawText":"WR · 3★ · Omaha, NE"}
{"at":"2026-06-11T22:50:16.460Z","level":"info","event":"dedupe_rule","action":"rejected","reason":"truncated_copy","id":"commit:238104|florida|2026-01-09","title":"Emeka Ugorji commits to Florida","rawText":"OT · 3★ · Dallas, TX"}
{"at":"2026-06-11T22:50:16.462Z","level":"info","event":"dedupe_rule","action":"rejected","reason":"truncated_copy","id":"commit:150237|florida|2026-01-04","title":"DJ Coleman commits to Florida","rawText":"S · 3★ · Mesquite, TX"}
{"at":"2026-06-11T22:50:16.463Z","level":"info","event":"dedupe_rule","action":"rejected","reason":"truncated_copy","id":"commit:175643|florida|2026-01-18","title":"Mason Clinton commits to Florida","rawText":"DL · 3★ · Petal, MS"}
{"at":"2026-06-11T22:50:16.465Z","level":"info","event":"dedupe_rule","action":"rejected","reason":"truncated_copy","id":"commit:145026|florida|2026-01-05","title":"DK Kalu commits to Florida","rawText":"DL · 3★ · Missouri City, TX"}
{"at":"2026-06-11T22:50:16.466Z","level":"info","event":"dedupe_rule","action":"rejected","reason":"truncated_copy","id":"commit:146069|florida|2026-01-06","title":"Aaron Philo commits to Florida","rawText":"QB · 3★ · Bogart, GA"}
{"at":"2026-06-11T22:50:16.468Z","level":"info","event":"dedupe_rule","action":"rejected","reason":"truncated_copy","id":"commit:147775|florida|2026-01-08","title":"London Montgomery commits to Florida","rawText":"RB · 3★ · Scranton, PA"}
{"at":"2026-06-11T22:50:16.469Z","level":"info","event":"dedupe_rule","action":"rejected","reason":"truncated_copy","id":"commit:155795|florida|2026-01-06","title":"Eagan Boyer commits to Florida","rawText":"OT · 3★ · Cornelius, NC"}
{"at":"2026-06-11T22:50:16.471Z","level":"info","event":"dedupe_rule","action":"rejected","reason":"truncated_copy","id":"commit:178849|florida|2026-01-10","title":"Luke Harpring commits to Florida","rawText":"TE · 3★ · Atlanta, GA"}
{"at":"2026-06-11T22:50:16.472Z","level":"info","event":"dedupe_rule","action":"rejected","reason":"truncated_copy","id":"commit:87184|florida|2026-01-07","title":"Micah Mays commits to Florida","rawText":"WR · 3★ · North Palm Beach, FL"}
{"at":"2026-06-11T22:50:16.474Z","level":"info","event":"dedupe_rule","action":"rejected","reason":"truncated_copy","id":"commit:178263|florida|2026-01-07","title":"Cam Dooley commits to Florida","rawText":"S · 3★ · Valley, AL"}
{"at":"2026-06-11T22:50:16.476Z","level":"info","event":"dedupe_rule","action":"rejected","reason":"truncated_copy","id":"commit:113148|florida|2026-01-06","title":"T.J. Shanahan commits to Florida","rawText":"IOL · 3★ · Orlando, FL"}
{"at":"2026-06-11T22:50:16.478Z","level":"info","event":"dedupe_rule","action":"rejected","reason":"truncated_copy","id":"commit:43376|florida|2026-01-06","title":"Evan Pryor commits to Florida","rawText":"RB · 3★ · Cornelius, NC"}
{"at":"2026-06-11T22:50:16.480Z","level":"info","event":"dedupe_rule","action":"rejected","reason":"truncated_copy","id":"commit:288527|florida|2026-05-12","title":"Javier Jones commits to Florida","rawText":"CB · 3★ · Phoenix, AZ · #265 natl"}
{"at":"2026-06-11T22:50:16.481Z","level":"info","event":"dedupe_rule","action":"rejected","reason":"truncated_copy","id":"commit:260787|florida|2026-02-05","title":"Eric Parks commits to Florida","rawText":"S · 3★ · Tampa, FL · #1750 natl"}
{"at":"2026-06-11T22:50:16.483Z","level":"info","event":"dedupe_rule","action":"rejected","reason":"truncated_copy","id":"commit:243619|florida|2025-06-16","title":"Javarii Luckas commits to Florida","rawText":"OT · 3★ · Belle Glade, FL · #1147 natl"}
{"at":"2026-06-11T22:50:16.485Z","level":"info","event":"dedupe_rule","action":"rejected","reason":"truncated_copy","id":"commit:236347|florida|2025-06-26","title":"Desmond Green commits to Florida","rawText":"IOL · 3★ · Saint Stephen, SC · #884 natl"}
{"at":"2026-06-11T22:50:16.487Z","level":"info","event":"dedupe_rule","action":"rejected","reason":"truncated_copy","id":"commit:283712|florida|2026-01-07","title":"Elijah Owens commits to Florida","rawText":"S · 3★ · Mobile, AL · #63 natl"}
{"at":"2026-06-11T22:50:16.488Z","level":"info","event":"dedupe_rule","action":"rejected","reason":"truncated_copy","id":"commit:179743|florida|2025-06-08","title":"Chancellor Campbell commits to Florida","rawText":"OT · 3★ · Saint Petersburg, FL · #627 natl"}
{"at":"2026-06-11T22:50:16.490Z","level":"info","event":"dedupe_rule","action":"rejected","reason":"truncated_copy","id":"commit:176416|florida|2025-06-01","title":"G'Nivre Carr commits to Florida","rawText":"IOL · 3★ · Ocala, FL · #505 natl"}
{"at":"2026-06-11T22:50:16.500Z","level":"info","event":"dedupe_rule","action":"rejected","reason":"truncated_copy","id":"commit:155900|florida|2025-07-03","title":"CJ Hester commits to Florida","rawText":"CB · 3★ · Cocoa, FL · #503 natl"}
{"at":"2026-06-11T22:50:16.502Z","level":"info","event":"dedupe_rule","action":"rejected","reason":"truncated_copy","id":"commit:174822|florida|2025-06-03","title":"Kaiden Hall commits to Florida","rawText":"S · 4★ · Milton, FL · #386 natl"}
{"at":"2026-06-11T22:50:16.503Z","level":"info","event":"dedupe_rule","action":"rejected","reason":"truncated_copy","id":"commit:177149|florida|2025-06-14","title":"Marquez Daniel commits to Florida","rawText":"WR · 4★ · Tuskegee, AL · #367 natl"}
{"at":"2026-06-11T22:50:16.505Z","level":"info","event":"dedupe_rule","action":"rejected","reason":"truncated_copy","id":"commit:174275|florida|2025-07-12","title":"Heze Kent commits to Florida","rawText":"OT · 4★ · Brunswick, GA · #366 natl"}
{"at":"2026-06-11T22:50:16.507Z","level":"info","event":"dedupe_rule","action":"rejected","reason":"truncated_copy","id":"commit:177521|florida|2025-07-07","title":"Malik Morris commits to Florida","rawText":"LB · 4★ · Lakeland, FL · #362 natl"}
{"at":"2026-06-11T22:50:16.509Z","level":"info","event":"dedupe_rule","action":"rejected","reason":"truncated_copy","id":"commit:243492|florida|2025-06-16","title":"Tyler Chukuyem commits to Florida","rawText":"OT · 4★ · Douglasville, GA · #281 natl"}
{"at":"2026-06-11T22:50:16.511Z","level":"info","event":"dedupe_rule","action":"rejected","reason":"truncated_copy","id":"commit:236759|florida|2025-07-02","title":"Kendall Guervil commits to Florida","rawText":"DL · 4★ · Fort Myers, FL · #276 natl"}
{"at":"2026-06-11T22:50:16.513Z","level":"info","event":"dedupe_rule","action":"rejected","reason":"truncated_copy","id":"commit:162624|florida|2024-06-01","title":"Will Griffin commits to Florida","rawText":"QB · 4★ · Tampa, FL · #259 natl"}
{"at":"2026-06-11T22:50:16.515Z","level":"info","event":"dedupe_rule","action":"rejected","reason":"truncated_copy","id":"commit:239856|florida|2025-12-04","title":"Dylan Purter commits to Florida","rawText":"S · 4★ · Tuskegee, AL · #204 natl"}
{"at":"2026-06-11T22:50:16.517Z","level":"info","event":"dedupe_rule","action":"rejected","reason":"truncated_copy","id":"commit:154268|florida|2025-06-14","title":"JaReylan McCoy commits to Florida","rawText":"DL · 4★ · Tupelo, MS · #173 natl"}
{"at":"2026-06-11T22:50:16.518Z","level":"info","event":"dedupe_rule","action":"rejected","reason":"truncated_copy","id":"commit:240430|florida|2025-06-08","title":"Justin Williams commits to Florida","rawText":"WR · 4★ · Gainesville, FL · #158 natl"}
{"at":"2026-06-11T22:50:16.520Z","level":"info","event":"dedupe_rule","action":"rejected","reason":"truncated_copy","id":"commit:176369|florida|2025-07-11","title":"Kevin Ford commits to Florida","rawText":"EDGE · 4★ · Duncanville, TX · #149 natl"}
{"at":"2026-06-11T22:50:16.521Z","level":"info","event":"dedupe_rule","action":"rejected","reason":"truncated_copy","id":"commit:241642|florida|2025-06-18","title":"CJ Bronaugh commits to Florida","rawText":"CB · 4★ · Winter Garden, FL · #84 natl"}
{"at":"2026-06-11T22:50:16.523Z","level":"info","event":"dedupe_rule","action":"rejected","reason":"truncated_copy","id":"commit:175389|florida|2025-08-11","title":"Davian Groce commits to Florida","rawText":"WR · 4★ · Frisco, TX · #60 natl"}
{"at":"2026-06-11T22:50:16.525Z","level":"info","event":"dedupe_rule","action":"rejected","reason":"truncated_copy","id":"commit:180930|florida|2026-06-06","title":"Ellis McGaskin commits to Florida","rawText":"LB · 4★ · Mobile, AL · #347 natl"}
{"at":"2026-06-11T22:50:16.527Z","level":"info","event":"dedupe_rule","action":"rejected","reason":"truncated_copy","id":"gators-online_ecde34a6-2304-4467-ace8-837a4899448b","title":"New episode: Gators Online Podcast — Ep. 187: Official visits underway for Florida football, baseball | Gators Online Show","rawText":"Welcome to the Gators Online Show! In the latest episode, we discuss official visits starting for the Florida football and baseball programs. Hosted by Simplecast, an AdsWizz company. See pcm.adswizz."}
{"at":"2026-06-11T22:50:16.529Z","level":"info","event":"dedupe_rule","action":"rejected","reason":"truncated_copy","id":"commit:cahron-wheeler|florida|2026-06-05","title":"Cahron Wheeler commits to Florida","rawText":"EDGE · 4★ · St. Paul's School (Baltimore, MD)"}
{"at":"2026-06-11T22:50:16.531Z","level":"info","event":"dedupe_rule","action":"rejected","reason":"truncated_copy","id":"commit:283680|florida|2026-06-05","title":"Kamarion Johnson commits to Florida","rawText":"ATH · 3★ · Homerville, GA · #813 natl"}
{"at":"2026-06-11T22:50:16.533Z","level":"info","event":"dedupe_rule","action":"rejected","reason":"truncated_copy","id":"art_art-summer-battles","title":"Summer Camp Preview: 5 Position Battles to Watch","rawText":"Fall camp opens August 2nd. These five position battles will shape the starting lineup, the two-deep, and how {{ coach.HC }}'s first season unfolds."}
{"at":"2026-06-11T22:50:16.534Z","level":"info","event":"dedupe_rule","action":"rejected","reason":"truncated_copy","id":"commit:zahmar-tookes|florida|2026-06-03","title":"Zahmar Tookes commits to Florida","rawText":"DL · 4★ · Brighton (Rochester, NY)"}
{"at":"2026-06-11T22:50:16.536Z","level":"info","event":"dedupe_rule","action":"rejected","reason":"truncated_copy","id":"art_art-win-model","title":"War Room: 2026 Schedule Win Probability Model","rawText":"Our proprietary model simulates every game 10,000 times using roster data, returning production, and opponent strength. Here's where UF wins, where it's vulnerable, and the two games that decide the s"}
{"at":"2026-06-11T22:50:16.538Z","level":"info","event":"dedupe_rule","action":"rejected","reason":"truncated_copy","id":"commit:kennedee-jackson|florida|2026-06-02","title":"Kennedee Jackson commits to Florida","rawText":"OT · 4★ · Lithonia (Lithonia, GA)"}
{"at":"2026-06-11T22:50:16.540Z","level":"info","event":"dedupe_rule","action":"rejected","reason":"truncated_copy","id":"gnfp_b37211a8-96f7-46c7-93f2-447f4b88b214","title":"New episode: Gator Nation Football Podcast — 2026- June Mailbag","rawText":"2026- June Mailbag If you enjoy the content, drop us a dono for as little as $7. Full GNFP Film Review Access starts at $15. https://www.patreon.com/1165790/join Merch https://gnfp.sellfy.store/ Join "}
{"at":"2026-06-11T22:50:16.542Z","level":"info","event":"dedupe_rule","action":"rejected","reason":"truncated_copy","id":"art_art-sumrall-6mo","title":"{{ coach.HC }}'s First 6 Months: A Real Assessment","rawText":"Six months in, {{ coach.HC }} has rebuilt the roster through the portal, installed a new defensive identity, and kept the locker room bought in. We grade every major decision."}
{"at":"2026-06-11T22:50:16.543Z","level":"info","event":"dedupe_rule","action":"rejected","reason":"truncated_copy","id":"commit:jabios-smith|florida|2026-05-29","title":"Ja'Bios Smith commits to Florida","rawText":"LB · 4★ · Swainsboro (Swainsboro, GA)"}
{"at":"2026-06-11T22:50:16.545Z","level":"info","event":"dedupe_rule","action":"rejected","reason":"truncated_copy","id":"art_art-335-revolution","title":"The 3-3-5 Revolution: Why {{ coach.DC }}'s Scheme Changes Everything","rawText":"{{ coach.DC }}'s 3-3-5 isn't a gimmick — it's a personnel-driven answer to modern spread offenses. Here's how it works, who benefits, and why Jayden Woods makes it dangerous."}
{"at":"2026-06-11T22:50:16.547Z","level":"info","event":"dedupe_rule","action":"rejected","reason":"truncated_copy","id":"gator-tales_tag:soundcloud,2010:tracks/2328301979","title":"New episode: Gator Tales — Gator Tales #60: Duke Werner - Executive Associate Athletics Director / Director of Sport","rawText":"In the latest episode of Gator Tales, Presented by UF Health, Voice of the Gators Sean Kelley sits down for an exclusive conversation with Executive Associate Athletics Director/Director of Sport Dave"}
{"at":"2026-06-11T22:50:16.549Z","level":"info","event":"dedupe_rule","action":"rejected","reason":"truncated_copy","id":"commit:elias-pearl|florida|2026-05-19","title":"Elias Pearl commits to Florida","rawText":"WR · 4★ · Port Charlotte (Port Charlotte, FL)"}
{"at":"2026-06-11T22:50:16.551Z","level":"info","event":"dedupe_rule","action":"rejected","reason":"truncated_copy","id":"commit:cain-van-norden|florida|2026-05-15","title":"Cain Van Norden commits to Florida","rawText":"DL · 3★ · Bishop McNamara (District Heights, MD)"}
{"at":"2026-06-11T22:50:16.553Z","level":"info","event":"dedupe_rule","action":"rejected","reason":"truncated_copy","id":"commit:andrew-beard|florida|2026-05-08","title":"Andrew Beard commits to Florida","rawText":"RB · 4★ · Prince Avenue Christian (Bogart, GA)"}
{"at":"2026-06-11T22:50:16.555Z","level":"info","event":"dedupe_rule","action":"rejected","reason":"truncated_copy","id":"commit:stive-bentley-keumajou|florida|2026-05-06","title":"Stive-Bentley Keumajou commits to Florida","rawText":"DL · 3★ · Coral Gables Senior (Coral Gables, FL)"}
{"at":"2026-06-11T22:50:16.557Z","level":"info","event":"dedupe_rule","action":"rejected","reason":"truncated_copy","id":"commit:kailib-dillard|florida|2026-05-05","title":"Kailib Dillard commits to Florida","rawText":"S · 3★ · Jenks (Tulsa, OK)"}
{"at":"2026-06-11T22:50:16.558Z","level":"info","event":"dedupe_rule","action":"rejected","reason":"truncated_copy","id":"commit:elijah-hutcheson|florida|2026-05-05","title":"Elijah Hutcheson commits to Florida","rawText":"OT · 4★ · North Cross School (Roanoke, VA)"}
{"at":"2026-06-11T22:50:16.560Z","level":"info","event":"dedupe_rule","action":"rejected","reason":"truncated_copy","id":"commit:devoun-kendrick|florida|2026-04-27","title":"De'Voun Kendrick commits to Florida","rawText":"DL · 3★ · Carrollwood Day (Tampa, FL)"}
{"at":"2026-06-11T22:50:16.561Z","level":"info","event":"dedupe_rule","action":"rejected","reason":"truncated_copy","id":"commit:peyton-miller|florida|2026-04-27","title":"Peyton Miller commits to Florida","rawText":"IOL · 4★ · Anna (Anna, TX)"}
{"at":"2026-06-11T22:50:16.563Z","level":"info","event":"dedupe_rule","action":"rejected","reason":"truncated_copy","id":"commit:anthony-jennings|florida|2026-04-25","title":"Anthony Jennings commits to Florida","rawText":"WR · 4★ · Dillard (Fort Lauderdale, FL)"}
{"at":"2026-06-11T22:50:16.565Z","level":"info","event":"dedupe_rule","action":"rejected","reason":"truncated_copy","id":"commit:tommy-douglas|florida|2026-04-16","title":"Tommy Douglas commits to Florida","rawText":"TE · 4★ · Hun School (Princeton, NJ)"}
{"at":"2026-06-11T22:50:16.567Z","level":"info","event":"dedupe_rule","action":"rejected","reason":"truncated_copy","id":"commit:aamaury-fountain|florida|2026-04-11","title":"Aamaury Fountain commits to Florida","rawText":"CB · 4★ · Northside (Warner Robins, GA)"}
{"at":"2026-06-11T22:50:16.568Z","level":"info","event":"dedupe_rule","action":"rejected","reason":"truncated_copy","id":"commit:davin-davidson|florida|2026-04-09","title":"Davin Davidson commits to Florida","rawText":"QB · 4★ · Cardinal Mooney (Sarasota, FL)"}
{"at":"2026-06-11T22:50:16.570Z","level":"info","event":"dedupe_rule","action":"rejected","reason":"truncated_copy","id":"commit:180637|florida|2026-04-08","title":"Maxwell Hiller commits to Florida","rawText":"IOL · 5★ · Coatesville, PA · #3 natl"}
{"at":"2026-06-11T22:50:16.572Z","level":"info","event":"dedupe_rule","action":"rejected","reason":"truncated_copy","id":"commit:tramond-collins|florida|2026-03-11","title":"Tramond Collins commits to Florida","rawText":"WR · 4★ · Cottondale (Cottondale, FL)"}
{"at":"2026-06-11T22:50:16.574Z","level":"info","event":"dedupe_rule","action":"rejected","reason":"truncated_copy","id":"commit:jackson-ballinger|florida|2026-02-24","title":"Jackson Ballinger commits to Florida","rawText":"TE · 4★ · Centerburg (Centerburg, OH)"}
{"at":"2026-06-11T22:50:16.575Z","level":"info","event":"dedupe_rule","action":"rejected","reason":"truncated_copy","id":"commit:amare-nugent|florida|2026-01-24","title":"Amare Nugent commits to Florida","rawText":"CB · 4★ · American Heritage (Plantation, FL)"}
{"at":"2026-06-11T23:34:43.565Z","level":"error","event":"guard_blocked","fixId":"sr_fix_001","blocked":1,"codes":["legacy_dedupe_rule"]}
{"at":"2026-06-12T01:46:05.814Z","level":"info","event":"scan","scanId":"sr2_scan_c73e8ce6","mode":"assisted"}
{"at":"2026-06-12T01:46:05.822Z","level":"warn","event":"snapshot_restore","path":"data/roster/players.json","snapshot":"C:\\Users\\crour\\OneDrive\\Desktop\\gatorvault\\server\\data\\ops\\self-runner-snapshots\\roster-players.json","reason":"known_good"}
{"at":"2026-06-12T01:46:05.825Z","level":"warn","event":"snapshot_restore","path":"data/coaching-staff.json","snapshot":"C:\\Users\\crour\\OneDrive\\Desktop\\gatorvault\\server\\data\\ops\\self-runner-snapshots\\coaching-staff.json","reason":"known_good"}
{"at":"2026-06-12T01:46:05.831Z","level":"warn","event":"snapshot_restore","path":"data/live/feed-items.json","snapshot":"C:\\Users\\crour\\OneDrive\\Desktop\\gatorvault\\server\\data\\ops\\self-runner-snapshots\\feed-items.json","reason":"known_good"}
{"at":"2026-06-12T01:46:05.835Z","level":"warn","event":"snapshot_restore","path":"data/recruiting/players.json","snapshot":"C:\\Users\\crour\\OneDrive\\Desktop\\gatorvault\\server\\data\\ops\\self-runner-snapshots\\recruiting-players.json","reason":"known_good"}
{"at":"2026-06-12T01:46:05.839Z","level":"warn","event":"snapshot_restore","path":"data/war-room/breakdowns.json","snapshot":"C:\\Users\\crour\\OneDrive\\Desktop\\gatorvault\\server\\data\\ops\\self-runner-snapshots\\war-room-breakdowns.json","reason":"known_good"}
{"at":"2026-06-12T01:46:05.841Z","level":"warn","event":"snapshot_restore","path":"data/war-room/scouting-database.json","snapshot":"C:\\Users\\crour\\OneDrive\\Desktop\\gatorvault\\server\\data\\ops\\self-runner-snapshots\\scouting-database.json","reason":"known_good"}
{"at":"2026-06-12T01:46:05.854Z","level":"info","event":"issue_detected","scanId":"sr2_scan_c73e8ce6","checkId":"blueprint:html:missing_html_hooks","severity":"high"}
{"at":"2026-06-12T01:46:05.864Z","level":"info","event":"multi_file_patch","bundleKey":"blueprint","files":["index.html",null],"edits":7,"blocked":false}
{"at":"2026-06-12T01:46:05.866Z","level":"info","event":"patch_proposed","scanId":"sr2_scan_c73e8ce6","patchType":"multi-file-v2","files":["index.html",null]}
{"at":"2026-06-12T01:46:05.868Z","level":"info","event":"scan","scanId":"sr2_scan_c73e8ce6","finished":true,"issueCount":1,"patchCount":1}
{"at":"2026-06-12T01:46:05.871Z","level":"info","event":"patch_proposed","scanId":"sr2_scan_c73e8ce6","action":"enqueued","fixId":"sr_fix_003","patchType":"multi-file-v2"}
{"at":"2026-06-13T16:39:12.163Z","level":"info","event":"scan","scanId":"sr2_scan_006651b0","mode":"scan-only"}
{"at":"2026-06-13T16:39:12.171Z","level":"warn","event":"snapshot_restore","path":"data/roster/players.json","snapshot":"C:\\Users\\crour\\OneDrive\\Desktop\\gatorvault\\server\\data\\ops\\self-runner-snapshots\\roster-players.json","reason":"known_good"}
{"at":"2026-06-13T16:39:12.174Z","level":"warn","event":"snapshot_restore","path":"data/coaching-staff.json","snapshot":"C:\\Users\\crour\\OneDrive\\Desktop\\gatorvault\\server\\data\\ops\\self-runner-snapshots\\coaching-staff.json","reason":"known_good"}
{"at":"2026-06-13T16:39:12.180Z","level":"warn","event":"snapshot_restore","path":"data/live/feed-items.json","snapshot":"C:\\Users\\crour\\OneDrive\\Desktop\\gatorvault\\server\\data\\ops\\self-runner-snapshots\\feed-items.json","reason":"known_good"}
{"at":"2026-06-13T16:39:12.186Z","level":"warn","event":"snapshot_restore","path":"data/recruiting/players.json","snapshot":"C:\\Users\\crour\\OneDrive\\Desktop\\gatorvault\\server\\data\\ops\\self-runner-snapshots\\recruiting-players.json","reason":"known_good"}
{"at":"2026-06-13T16:39:12.189Z","level":"warn","event":"snapshot_restore","path":"data/war-room/breakdowns.json","snapshot":"C:\\Users\\crour\\OneDrive\\Desktop\\gatorvault\\server\\data\\ops\\self-runner-snapshots\\war-room-breakdowns.json","reason":"known_good"}
{"at":"2026-06-13T16:39:12.193Z","level":"warn","event":"snapshot_restore","path":"data/war-room/scouting-database.json","snapshot":"C:\\Users\\crour\\OneDrive\\Desktop\\gatorvault\\server\\data\\ops\\self-runner-snapshots\\scouting-database.json","reason":"known_good"}
{"at":"2026-06-13T16:39:14.451Z","level":"info","event":"multi_file_patch","bundleKey":"blueprint","files":[null],"edits":1,"blocked":false}
{"at":"2026-06-13T16:39:14.454Z","level":"info","event":"patch_proposed","scanId":"sr2_scan_006651b0","patchType":"multi-file-v2","files":[null]}
{"at":"2026-06-13T16:39:14.456Z","level":"info","event":"scan","scanId":"sr2_scan_006651b0","finished":true,"issueCount":0,"patchCount":1}
{"at":"2026-06-13T16:44:24.348Z","level":"info","event":"scan","scanId":"sr2_scan_e4e8bed2","mode":"scan-only"}
{"at":"2026-06-13T16:44:24.354Z","level":"warn","event":"snapshot_restore","path":"data/roster/players.json","snapshot":"C:\\Users\\crour\\OneDrive\\Desktop\\gatorvault\\server\\data\\ops\\self-runner-snapshots\\roster-players.json","reason":"known_good"}
{"at":"2026-06-13T16:44:24.357Z","level":"warn","event":"snapshot_restore","path":"data/coaching-staff.json","snapshot":"C:\\Users\\crour\\OneDrive\\Desktop\\gatorvault\\server\\data\\ops\\self-runner-snapshots\\coaching-staff.json","reason":"known_good"}
{"at":"2026-06-13T16:44:24.363Z","level":"warn","event":"snapshot_restore","path":"data/live/feed-items.json","snapshot":"C:\\Users\\crour\\OneDrive\\Desktop\\gatorvault\\server\\data\\ops\\self-runner-snapshots\\feed-items.json","reason":"known_good"}
{"at":"2026-06-13T16:44:24.367Z","level":"warn","event":"snapshot_restore","path":"data/recruiting/players.json","snapshot":"C:\\Users\\crour\\OneDrive\\Desktop\\gatorvault\\server\\data\\ops\\self-runner-snapshots\\recruiting-players.json","reason":"known_good"}
{"at":"2026-06-13T16:44:24.371Z","level":"warn","event":"snapshot_restore","path":"data/war-room/breakdowns.json","snapshot":"C:\\Users\\crour\\OneDrive\\Desktop\\gatorvault\\server\\data\\ops\\self-runner-snapshots\\war-room-breakdowns.json","reason":"known_good"}
{"at":"2026-06-13T16:44:24.373Z","level":"warn","event":"snapshot_restore","path":"data/war-room/scouting-database.json","snapshot":"C:\\Users\\crour\\OneDrive\\Desktop\\gatorvault\\server\\data\\ops\\self-runner-snapshots\\scouting-database.json","reason":"known_good"}
{"at":"2026-06-13T16:44:24.386Z","level":"info","event":"multi_file_patch","bundleKey":"blueprint","files":[null],"edits":1,"blocked":false}
{"at":"2026-06-13T16:44:24.389Z","level":"info","event":"patch_proposed","scanId":"sr2_scan_e4e8bed2","patchType":"multi-file-v2","files":[null]}
{"at":"2026-06-13T16:44:24.391Z","level":"info","event":"scan","scanId":"sr2_scan_e4e8bed2","finished":true,"issueCount":0,"patchCount":1}
{"at":"2026-06-13T17:10:46.347Z","level":"info","event":"scan","scanId":"sr2_scan_81fc6931","mode":"scan-only"}
{"at":"2026-06-13T17:10:46.403Z","level":"warn","event":"snapshot_restore","path":"data/roster/players.json","snapshot":"C:\\Users\\crour\\OneDrive\\Desktop\\gatorvault\\server\\data\\ops\\self-runner-snapshots\\roster-players.json","reason":"known_good"}
{"at":"2026-06-13T17:10:46.427Z","level":"warn","event":"snapshot_restore","path":"data/coaching-staff.json","snapshot":"C:\\Users\\crour\\OneDrive\\Desktop\\gatorvault\\server\\data\\ops\\self-runner-snapshots\\coaching-staff.json","reason":"known_good"}
{"at":"2026-06-13T17:10:46.519Z","level":"warn","event":"snapshot_restore","path":"data/live/feed-items.json","snapshot":"C:\\Users\\crour\\OneDrive\\Desktop\\gatorvault\\server\\data\\ops\\self-runner-snapshots\\feed-items.json","reason":"known_good"}
{"at":"2026-06-13T17:10:46.551Z","level":"warn","event":"snapshot_restore","path":"data/recruiting/players.json","snapshot":"C:\\Users\\crour\\OneDrive\\Desktop\\gatorvault\\server\\data\\ops\\self-runner-snapshots\\recruiting-players.json","reason":"known_good"}
{"at":"2026-06-13T17:10:46.579Z","level":"warn","event":"snapshot_restore","path":"data/war-room/breakdowns.json","snapshot":"C:\\Users\\crour\\OneDrive\\Desktop\\gatorvault\\server\\data\\ops\\self-runner-snapshots\\war-room-breakdowns.json","reason":"known_good"}
{"at":"2026-06-13T17:10:46.594Z","level":"warn","event":"snapshot_restore","path":"data/war-room/scouting-database.json","snapshot":"C:\\Users\\crour\\OneDrive\\Desktop\\gatorvault\\server\\data\\ops\\self-runner-snapshots\\scouting-database.json","reason":"known_good"}
{"at":"2026-06-13T17:10:46.682Z","level":"info","event":"multi_file_patch","bundleKey":"blueprint","files":[null],"edits":1,"blocked":false}
{"at":"2026-06-13T17:10:46.692Z","level":"info","event":"patch_proposed","scanId":"sr2_scan_81fc6931","patchType":"multi-file-v2","files":[null]}
{"at":"2026-06-13T17:10:46.700Z","level":"info","event":"scan","scanId":"sr2_scan_81fc6931","finished":true,"issueCount":0,"patchCount":1}
{"at":"2026-06-13T17:21:50.029Z","level":"info","event":"scan","scanId":"sr2_scan_f339f795","mode":"scan-only"}
{"at":"2026-06-13T17:21:50.042Z","level":"warn","event":"snapshot_restore","path":"data/roster/players.json","snapshot":"C:\\Users\\crour\\OneDrive\\Desktop\\gatorvault\\server\\data\\ops\\self-runner-snapshots\\roster-players.json","reason":"known_good"}
{"at":"2026-06-13T17:21:50.045Z","level":"warn","event":"snapshot_restore","path":"data/coaching-staff.json","snapshot":"C:\\Users\\crour\\OneDrive\\Desktop\\gatorvault\\server\\data\\ops\\self-runner-snapshots\\coaching-staff.json","reason":"known_good"}
{"at":"2026-06-13T17:21:50.055Z","level":"warn","event":"snapshot_restore","path":"data/live/feed-items.json","snapshot":"C:\\Users\\crour\\OneDrive\\Desktop\\gatorvault\\server\\data\\ops\\self-runner-snapshots\\feed-items.json","reason":"known_good"}
{"at":"2026-06-13T17:21:50.062Z","level":"warn","event":"snapshot_restore","path":"data/recruiting/players.json","snapshot":"C:\\Users\\crour\\OneDrive\\Desktop\\gatorvault\\server\\data\\ops\\self-runner-snapshots\\recruiting-players.json","reason":"known_good"}
{"at":"2026-06-13T17:21:50.067Z","level":"warn","event":"snapshot_restore","path":"data/war-room/breakdowns.json","snapshot":"C:\\Users\\crour\\OneDrive\\Desktop\\gatorvault\\server\\data\\ops\\self-runner-snapshots\\war-room-breakdowns.json","reason":"known_good"}
{"at":"2026-06-13T17:21:50.071Z","level":"warn","event":"snapshot_restore","path":"data/war-room/scouting-database.json","snapshot":"C:\\Users\\crour\\OneDrive\\Desktop\\gatorvault\\server\\data\\ops\\self-runner-snapshots\\scouting-database.json","reason":"known_good"}
{"at":"2026-06-13T17:21:50.093Z","level":"info","event":"multi_file_patch","bundleKey":"blueprint","files":[null],"edits":1,"blocked":false}
{"at":"2026-06-13T17:21:50.096Z","level":"info","event":"patch_proposed","scanId":"sr2_scan_f339f795","patchType":"multi-file-v2","files":[null]}
{"at":"2026-06-13T17:21:50.097Z","level":"info","event":"scan","scanId":"sr2_scan_f339f795","finished":true,"issueCount":0,"patchCount":1}
{"at":"2026-06-13T18:10:57.861Z","level":"info","event":"scan","scanId":"sr2_scan_0f8ba697","mode":"scan-only"}
{"at":"2026-06-13T18:10:57.873Z","level":"warn","event":"snapshot_restore","path":"data/roster/players.json","snapshot":"C:\\Users\\crour\\OneDrive\\Desktop\\gatorvault\\server\\data\\ops\\self-runner-snapshots\\roster-players.json","reason":"known_good"}
{"at":"2026-06-13T18:10:57.876Z","level":"warn","event":"snapshot_restore","path":"data/coaching-staff.json","snapshot":"C:\\Users\\crour\\OneDrive\\Desktop\\gatorvault\\server\\data\\ops\\self-runner-snapshots\\coaching-staff.json","reason":"known_good"}
{"at":"2026-06-13T18:10:57.881Z","level":"warn","event":"snapshot_restore","path":"data/live/feed-items.json","snapshot":"C:\\Users\\crour\\OneDrive\\Desktop\\gatorvault\\server\\data\\ops\\self-runner-snapshots\\feed-items.json","reason":"known_good"}
{"at":"2026-06-13T18:10:57.886Z","level":"warn","event":"snapshot_restore","path":"data/recruiting/players.json","snapshot":"C:\\Users\\crour\\OneDrive\\Desktop\\gatorvault\\server\\data\\ops\\self-runner-snapshots\\recruiting-players.json","reason":"known_good"}
{"at":"2026-06-13T18:10:57.890Z","level":"warn","event":"snapshot_restore","path":"data/war-room/breakdowns.json","snapshot":"C:\\Users\\crour\\OneDrive\\Desktop\\gatorvault\\server\\data\\ops\\self-runner-snapshots\\war-room-breakdowns.json","reason":"known_good"}
{"at":"2026-06-13T18:10:57.894Z","level":"warn","event":"snapshot_restore","path":"data/war-room/scouting-database.json","snapshot":"C:\\Users\\crour\\OneDrive\\Desktop\\gatorvault\\server\\data\\ops\\self-runner-snapshots\\scouting-database.json","reason":"known_good"}
{"at":"2026-06-13T18:10:57.910Z","level":"info","event":"multi_file_patch","bundleKey":"blueprint","files":[null],"edits":1,"blocked":false}
{"at":"2026-06-13T18:10:57.913Z","level":"info","event":"patch_proposed","scanId":"sr2_scan_0f8ba697","patchType":"multi-file-v2","files":[null]}
{"at":"2026-06-13T18:10:57.914Z","level":"info","event":"scan","scanId":"sr2_scan_0f8ba697","finished":true,"issueCount":0,"patchCount":1}
{"at":"2026-06-13T23:24:18.733Z","level":"info","event":"scan","scanId":"sr2_scan_710c98b5","mode":"scan-only"}
{"at":"2026-06-13T23:24:18.741Z","level":"warn","event":"snapshot_restore","path":"data/roster/players.json","snapshot":"C:\\Users\\crour\\OneDrive\\Desktop\\gatorvault\\server\\data\\ops\\self-runner-snapshots\\roster-players.json","reason":"known_good"}
{"at":"2026-06-13T23:24:18.743Z","level":"warn","event":"snapshot_restore","path":"data/coaching-staff.json","snapshot":"C:\\Users\\crour\\OneDrive\\Desktop\\gatorvault\\server\\data\\ops\\self-runner-snapshots\\coaching-staff.json","reason":"known_good"}
{"at":"2026-06-13T23:24:18.748Z","level":"warn","event":"snapshot_restore","path":"data/live/feed-items.json","snapshot":"C:\\Users\\crour\\OneDrive\\Desktop\\gatorvault\\server\\data\\ops\\self-runner-snapshots\\feed-items.json","reason":"known_good"}
{"at":"2026-06-13T23:24:18.752Z","level":"warn","event":"snapshot_restore","path":"data/recruiting/players.json","snapshot":"C:\\Users\\crour\\OneDrive\\Desktop\\gatorvault\\server\\data\\ops\\self-runner-snapshots\\recruiting-players.json","reason":"known_good"}
{"at":"2026-06-13T23:24:18.756Z","level":"warn","event":"snapshot_restore","path":"data/war-room/breakdowns.json","snapshot":"C:\\Users\\crour\\OneDrive\\Desktop\\gatorvault\\server\\data\\ops\\self-runner-snapshots\\war-room-breakdowns.json","reason":"known_good"}
{"at":"2026-06-13T23:24:18.758Z","level":"warn","event":"snapshot_restore","path":"data/war-room/scouting-database.json","snapshot":"C:\\Users\\crour\\OneDrive\\Desktop\\gatorvault\\server\\data\\ops\\self-runner-snapshots\\scouting-database.json","reason":"known_good"}
{"at":"2026-06-13T23:24:18.771Z","level":"info","event":"multi_file_patch","bundleKey":"blueprint","files":[null],"edits":1,"blocked":false}
{"at":"2026-06-13T23:24:18.773Z","level":"info","event":"patch_proposed","scanId":"sr2_scan_710c98b5","patchType":"multi-file-v2","files":[null]}
{"at":"2026-06-13T23:24:18.775Z","level":"info","event":"scan","scanId":"sr2_scan_710c98b5","finished":true,"issueCount":0,"patchCount":1}
{"at":"2026-06-13T23:29:58.221Z","level":"info","event":"scan","scanId":"sr2_scan_502908f9","mode":"scan-only"}
{"at":"2026-06-13T23:29:58.247Z","level":"warn","event":"snapshot_restore","path":"data/roster/players.json","snapshot":"C:\\Users\\crour\\OneDrive\\Desktop\\gatorvault\\server\\data\\ops\\self-runner-snapshots\\roster-players.json","reason":"known_good"}
{"at":"2026-06-13T23:29:58.252Z","level":"warn","event":"snapshot_restore","path":"data/coaching-staff.json","snapshot":"C:\\Users\\crour\\OneDrive\\Desktop\\gatorvault\\server\\data\\ops\\self-runner-snapshots\\coaching-staff.json","reason":"known_good"}
{"at":"2026-06-13T23:29:58.263Z","level":"warn","event":"snapshot_restore","path":"data/live/feed-items.json","snapshot":"C:\\Users\\crour\\OneDrive\\Desktop\\gatorvault\\server\\data\\ops\\self-runner-snapshots\\feed-items.json","reason":"known_good"}
{"at":"2026-06-13T23:29:58.286Z","level":"warn","event":"snapshot_restore","path":"data/recruiting/players.json","snapshot":"C:\\Users\\crour\\OneDrive\\Desktop\\gatorvault\\server\\data\\ops\\self-runner-snapshots\\recruiting-players.json","reason":"known_good"}
{"at":"2026-06-13T23:29:58.296Z","level":"warn","event":"snapshot_restore","path":"data/war-room/breakdowns.json","snapshot":"C:\\Users\\crour\\OneDrive\\Desktop\\gatorvault\\server\\data\\ops\\self-runner-snapshots\\war-room-breakdowns.json","reason":"known_good"}
{"at":"2026-06-13T23:29:58.305Z","level":"warn","event":"snapshot_restore","path":"data/war-room/scouting-database.json","snapshot":"C:\\Users\\crour\\OneDrive\\Desktop\\gatorvault\\server\\data\\ops\\self-runner-snapshots\\scouting-database.json","reason":"known_good"}
{"at":"2026-06-13T23:29:58.346Z","level":"info","event":"multi_file_patch","bundleKey":"blueprint","files":[null],"edits":1,"blocked":false}
{"at":"2026-06-13T23:29:58.352Z","level":"info","event":"patch_proposed","scanId":"sr2_scan_502908f9","patchType":"multi-file-v2","files":[null]}
{"at":"2026-06-13T23:29:58.355Z","level":"info","event":"scan","scanId":"sr2_scan_502908f9","finished":true,"issueCount":0,"patchCount":1}
{"at":"2026-06-14T02:03:14.933Z","level":"info","event":"scan","scanId":"sr2_scan_c78cf202","mode":"scan-only"}
{"at":"2026-06-14T02:03:14.952Z","level":"warn","event":"snapshot_restore","path":"data/roster/players.json","snapshot":"C:\\Users\\crour\\OneDrive\\Desktop\\gatorvault\\server\\data\\ops\\self-runner-snapshots\\roster-players.json","reason":"known_good"}
{"at":"2026-06-14T02:03:14.957Z","level":"warn","event":"snapshot_restore","path":"data/coaching-staff.json","snapshot":"C:\\Users\\crour\\OneDrive\\Desktop\\gatorvault\\server\\data\\ops\\self-runner-snapshots\\coaching-staff.json","reason":"known_good"}
{"at":"2026-06-14T02:03:14.967Z","level":"warn","event":"snapshot_restore","path":"data/live/feed-items.json","snapshot":"C:\\Users\\crour\\OneDrive\\Desktop\\gatorvault\\server\\data\\ops\\self-runner-snapshots\\feed-items.json","reason":"known_good"}
{"at":"2026-06-14T02:03:14.973Z","level":"warn","event":"snapshot_restore","path":"data/recruiting/players.json","snapshot":"C:\\Users\\crour\\OneDrive\\Desktop\\gatorvault\\server\\data\\ops\\self-runner-snapshots\\recruiting-players.json","reason":"known_good"}
{"at":"2026-06-14T02:03:14.979Z","level":"warn","event":"snapshot_restore","path":"data/war-room/breakdowns.json","snapshot":"C:\\Users\\crour\\OneDrive\\Desktop\\gatorvault\\server\\data\\ops\\self-runner-snapshots\\war-room-breakdowns.json","reason":"known_good"}
{"at":"2026-06-14T02:03:14.985Z","level":"warn","event":"snapshot_restore","path":"data/war-room/scouting-database.json","snapshot":"C:\\Users\\crour\\OneDrive\\Desktop\\gatorvault\\server\\data\\ops\\self-runner-snapshots\\scouting-database.json","reason":"known_good"}
{"at":"2026-06-14T02:03:15.006Z","level":"info","event":"multi_file_patch","bundleKey":"blueprint","files":[null],"edits":1,"blocked":false}
{"at":"2026-06-14T02:03:15.012Z","level":"info","event":"patch_proposed","scanId":"sr2_scan_c78cf202","patchType":"multi-file-v2","files":[null]}
{"at":"2026-06-14T02:03:15.015Z","level":"info","event":"scan","scanId":"sr2_scan_c78cf202","finished":true,"issueCount":0,"patchCount":1}
{"at":"2026-06-14T02:05:01.635Z","level":"info","event":"scan","scanId":"sr2_scan_0d4c6bd9","mode":"scan-only"}
{"at":"2026-06-14T02:05:01.641Z","level":"warn","event":"snapshot_restore","path":"data/roster/players.json","snapshot":"C:\\Users\\crour\\OneDrive\\Desktop\\gatorvault\\server\\data\\ops\\self-runner-snapshots\\roster-players.json","reason":"known_good"}
{"at":"2026-06-14T02:05:01.644Z","level":"warn","event":"snapshot_restore","path":"data/coaching-staff.json","snapshot":"C:\\Users\\crour\\OneDrive\\Desktop\\gatorvault\\server\\data\\ops\\self-runner-snapshots\\coaching-staff.json","reason":"known_good"}
{"at":"2026-06-14T02:05:01.648Z","level":"warn","event":"snapshot_restore","path":"data/live/feed-items.json","snapshot":"C:\\Users\\crour\\OneDrive\\Desktop\\gatorvault\\server\\data\\ops\\self-runner-snapshots\\feed-items.json","reason":"known_good"}
{"at":"2026-06-14T02:05:01.654Z","level":"warn","event":"snapshot_restore","path":"data/recruiting/players.json","snapshot":"C:\\Users\\crour\\OneDrive\\Desktop\\gatorvault\\server\\data\\ops\\self-runner-snapshots\\recruiting-players.json","reason":"known_good"}
{"at":"2026-06-14T02:05:01.657Z","level":"warn","event":"snapshot_restore","path":"data/war-room/breakdowns.json","snapshot":"C:\\Users\\crour\\OneDrive\\Desktop\\gatorvault\\server\\data\\ops\\self-runner-snapshots\\war-room-breakdowns.json","reason":"known_good"}
{"at":"2026-06-14T02:05:01.660Z","level":"warn","event":"snapshot_restore","path":"data/war-room/scouting-database.json","snapshot":"C:\\Users\\crour\\OneDrive\\Desktop\\gatorvault\\server\\data\\ops\\self-runner-snapshots\\scouting-database.json","reason":"known_good"}
{"at":"2026-06-14T02:05:01.673Z","level":"info","event":"multi_file_patch","bundleKey":"blueprint","files":[null],"edits":1,"blocked":false}
{"at":"2026-06-14T02:05:01.676Z","level":"info","event":"patch_proposed","scanId":"sr2_scan_0d4c6bd9","patchType":"multi-file-v2","files":[null]}
{"at":"2026-06-14T02:05:01.677Z","level":"info","event":"scan","scanId":"sr2_scan_0d4c6bd9","finished":true,"issueCount":0,"patchCount":1}
{"at":"2026-06-14T11:55:49.012Z","level":"info","event":"scan","scanId":"sr2_scan_926daeec","mode":"scan-only"}
{"at":"2026-06-14T11:55:49.018Z","level":"warn","event":"snapshot_restore","path":"data/roster/players.json","snapshot":"C:\\Users\\crour\\OneDrive\\Desktop\\gatorvault\\server\\data\\ops\\self-runner-snapshots\\roster-players.json","reason":"known_good"}
{"at":"2026-06-14T11:55:49.021Z","level":"warn","event":"snapshot_restore","path":"data/coaching-staff.json","snapshot":"C:\\Users\\crour\\OneDrive\\Desktop\\gatorvault\\server\\data\\ops\\self-runner-snapshots\\coaching-staff.json","reason":"known_good"}
{"at":"2026-06-14T11:55:49.025Z","level":"warn","event":"snapshot_restore","path":"data/live/feed-items.json","snapshot":"C:\\Users\\crour\\OneDrive\\Desktop\\gatorvault\\server\\data\\ops\\self-runner-snapshots\\feed-items.json","reason":"known_good"}
{"at":"2026-06-14T11:55:49.029Z","level":"warn","event":"snapshot_restore","path":"data/recruiting/players.json","snapshot":"C:\\Users\\crour\\OneDrive\\Desktop\\gatorvault\\server\\data\\ops\\self-runner-snapshots\\recruiting-players.json","reason":"known_good"}
{"at":"2026-06-14T11:55:49.032Z","level":"warn","event":"snapshot_restore","path":"data/war-room/breakdowns.json","snapshot":"C:\\Users\\crour\\OneDrive\\Desktop\\gatorvault\\server\\data\\ops\\self-runner-snapshots\\war-room-breakdowns.json","reason":"known_good"}
{"at":"2026-06-14T11:55:49.035Z","level":"warn","event":"snapshot_restore","path":"data/war-room/scouting-database.json","snapshot":"C:\\Users\\crour\\OneDrive\\Desktop\\gatorvault\\server\\data\\ops\\self-runner-snapshots\\scouting-database.json","reason":"known_good"}
{"at":"2026-06-14T11:55:49.048Z","level":"info","event":"multi_file_patch","bundleKey":"blueprint","files":[null],"edits":1,"blocked":false}
{"at":"2026-06-14T11:55:49.050Z","level":"info","event":"patch_proposed","scanId":"sr2_scan_926daeec","patchType":"multi-file-v2","files":[null]}
{"at":"2026-06-14T11:55:49.052Z","level":"info","event":"scan","scanId":"sr2_scan_926daeec","finished":true,"issueCount":0,"patchCount":1}
{"at":"2026-06-14T14:24:01.700Z","level":"info","event":"scan","scanId":"sr2_scan_e1082bd7","mode":"scan-only"}
{"at":"2026-06-14T14:24:01.707Z","level":"warn","event":"snapshot_restore","path":"data/roster/players.json","snapshot":"C:\\Users\\crour\\OneDrive\\Desktop\\gatorvault\\server\\data\\ops\\self-runner-snapshots\\roster-players.json","reason":"known_good"}
{"at":"2026-06-14T14:24:01.710Z","level":"warn","event":"snapshot_restore","path":"data/coaching-staff.json","snapshot":"C:\\Users\\crour\\OneDrive\\Desktop\\gatorvault\\server\\data\\ops\\self-runner-snapshots\\coaching-staff.json","reason":"known_good"}
{"at":"2026-06-14T14:24:01.715Z","level":"warn","event":"snapshot_restore","path":"data/live/feed-items.json","snapshot":"C:\\Users\\crour\\OneDrive\\Desktop\\gatorvault\\server\\data\\ops\\self-runner-snapshots\\feed-items.json","reason":"known_good"}
{"at":"2026-06-14T14:24:01.725Z","level":"warn","event":"snapshot_restore","path":"data/recruiting/players.json","snapshot":"C:\\Users\\crour\\OneDrive\\Desktop\\gatorvault\\server\\data\\ops\\self-runner-snapshots\\recruiting-players.json","reason":"known_good"}
{"at":"2026-06-14T14:24:01.729Z","level":"warn","event":"snapshot_restore","path":"data/war-room/breakdowns.json","snapshot":"C:\\Users\\crour\\OneDrive\\Desktop\\gatorvault\\server\\data\\ops\\self-runner-snapshots\\war-room-breakdowns.json","reason":"known_good"}
{"at":"2026-06-14T14:24:01.731Z","level":"warn","event":"snapshot_restore","path":"data/war-room/scouting-database.json","snapshot":"C:\\Users\\crour\\OneDrive\\Desktop\\gatorvault\\server\\data\\ops\\self-runner-snapshots\\scouting-database.json","reason":"known_good"}
{"at":"2026-06-14T14:24:01.746Z","level":"info","event":"multi_file_patch","bundleKey":"blueprint","files":[null],"edits":1,"blocked":false}
{"at":"2026-06-14T14:24:01.748Z","level":"info","event":"patch_proposed","scanId":"sr2_scan_e1082bd7","patchType":"multi-file-v2","files":[null]}
{"at":"2026-06-14T14:24:01.750Z","level":"info","event":"scan","scanId":"sr2_scan_e1082bd7","finished":true,"issueCount":0,"patchCount":1}
{"at":"2026-06-16T10:42:57.241Z","level":"info","event":"scan","scanId":"sr2_scan_1a51bf33","mode":"scan-only"}
{"at":"2026-06-16T10:42:57.250Z","level":"warn","event":"snapshot_restore","path":"data/roster/players.json","snapshot":"C:\\Users\\crour\\OneDrive\\Desktop\\gatorvault\\server\\data\\ops\\self-runner-snapshots\\roster-players.json","reason":"known_good"}
{"at":"2026-06-16T10:42:57.254Z","level":"warn","event":"snapshot_restore","path":"data/coaching-staff.json","snapshot":"C:\\Users\\crour\\OneDrive\\Desktop\\gatorvault\\server\\data\\ops\\self-runner-snapshots\\coaching-staff.json","reason":"known_good"}
{"at":"2026-06-16T10:42:57.259Z","level":"warn","event":"snapshot_restore","path":"data/live/feed-items.json","snapshot":"C:\\Users\\crour\\OneDrive\\Desktop\\gatorvault\\server\\data\\ops\\self-runner-snapshots\\feed-items.json","reason":"known_good"}
{"at":"2026-06-16T10:42:57.264Z","level":"warn","event":"snapshot_restore","path":"data/recruiting/players.json","snapshot":"C:\\Users\\crour\\OneDrive\\Desktop\\gatorvault\\server\\data\\ops\\self-runner-snapshots\\recruiting-players.json","reason":"known_good"}
{"at":"2026-06-16T10:42:57.268Z","level":"warn","event":"snapshot_restore","path":"data/war-room/breakdowns.json","snapshot":"C:\\Users\\crour\\OneDrive\\Desktop\\gatorvault\\server\\data\\ops\\self-runner-snapshots\\war-room-breakdowns.json","reason":"known_good"}
{"at":"2026-06-16T10:42:57.272Z","level":"warn","event":"snapshot_restore","path":"data/war-room/scouting-database.json","snapshot":"C:\\Users\\crour\\OneDrive\\Desktop\\gatorvault\\server\\data\\ops\\self-runner-snapshots\\scouting-database.json","reason":"known_good"}
{"at":"2026-06-16T10:42:57.289Z","level":"info","event":"multi_file_patch","bundleKey":"blueprint","files":[null],"edits":1,"blocked":false}
{"at":"2026-06-16T10:42:57.292Z","level":"info","event":"patch_proposed","scanId":"sr2_scan_1a51bf33","patchType":"multi-file-v2","files":[null]}
{"at":"2026-06-16T10:42:57.294Z","level":"info","event":"scan","scanId":"sr2_scan_1a51bf33","finished":true,"issueCount":0,"patchCount":1}
{"at":"2026-06-16T10:45:37.774Z","level":"info","event":"scan","scanId":"sr2_scan_8ef1100e","mode":"scan-only"}
{"at":"2026-06-16T10:45:37.781Z","level":"warn","event":"snapshot_restore","path":"data/roster/players.json","snapshot":"C:\\Users\\crour\\OneDrive\\Desktop\\gatorvault\\server\\data\\ops\\self-runner-snapshots\\roster-players.json","reason":"known_good"}
{"at":"2026-06-16T10:45:37.785Z","level":"warn","event":"snapshot_restore","path":"data/coaching-staff.json","snapshot":"C:\\Users\\crour\\OneDrive\\Desktop\\gatorvault\\server\\data\\ops\\self-runner-snapshots\\coaching-staff.json","reason":"known_good"}
{"at":"2026-06-16T10:45:37.791Z","level":"warn","event":"snapshot_restore","path":"data/live/feed-items.json","snapshot":"C:\\Users\\crour\\OneDrive\\Desktop\\gatorvault\\server\\data\\ops\\self-runner-snapshots\\feed-items.json","reason":"known_good"}
{"at":"2026-06-16T10:45:37.798Z","level":"warn","event":"snapshot_restore","path":"data/recruiting/players.json","snapshot":"C:\\Users\\crour\\OneDrive\\Desktop\\gatorvault\\server\\data\\ops\\self-runner-snapshots\\recruiting-players.json","reason":"known_good"}
{"at":"2026-06-16T10:45:37.801Z","level":"warn","event":"snapshot_restore","path":"data/war-room/breakdowns.json","snapshot":"C:\\Users\\crour\\OneDrive\\Desktop\\gatorvault\\server\\data\\ops\\self-runner-snapshots\\war-room-breakdowns.json","reason":"known_good"}
{"at":"2026-06-16T10:45:37.804Z","level":"warn","event":"snapshot_restore","path":"data/war-room/scouting-database.json","snapshot":"C:\\Users\\crour\\OneDrive\\Desktop\\gatorvault\\server\\data\\ops\\self-runner-snapshots\\scouting-database.json","reason":"known_good"}
{"at":"2026-06-16T10:45:37.824Z","level":"info","event":"multi_file_patch","bundleKey":"blueprint","files":[null],"edits":1,"blocked":false}
{"at":"2026-06-16T10:45:37.828Z","level":"info","event":"patch_proposed","scanId":"sr2_scan_8ef1100e","patchType":"multi-file-v2","files":[null]}
{"at":"2026-06-16T10:45:37.829Z","level":"info","event":"scan","scanId":"sr2_scan_8ef1100e","finished":true,"issueCount":0,"patchCount":1}
{"at":"2026-06-16T11:22:19.353Z","level":"info","event":"scan","scanId":"sr2_scan_3642a88c","mode":"scan-only"}
{"at":"2026-06-16T11:22:19.365Z","level":"warn","event":"snapshot_restore","path":"data/roster/players.json","snapshot":"C:\\Users\\crour\\OneDrive\\Desktop\\gatorvault\\server\\data\\ops\\self-runner-snapshots\\roster-players.json","reason":"known_good"}
{"at":"2026-06-16T11:22:19.368Z","level":"warn","event":"snapshot_restore","path":"data/coaching-staff.json","snapshot":"C:\\Users\\crour\\OneDrive\\Desktop\\gatorvault\\server\\data\\ops\\self-runner-snapshots\\coaching-staff.json","reason":"known_good"}
{"at":"2026-06-16T11:22:19.377Z","level":"warn","event":"snapshot_restore","path":"data/live/feed-items.json","snapshot":"C:\\Users\\crour\\OneDrive\\Desktop\\gatorvault\\server\\data\\ops\\self-runner-snapshots\\feed-items.json","reason":"known_good"}
{"at":"2026-06-16T11:22:19.385Z","level":"warn","event":"snapshot_restore","path":"data/recruiting/players.json","snapshot":"C:\\Users\\crour\\OneDrive\\Desktop\\gatorvault\\server\\data\\ops\\self-runner-snapshots\\recruiting-players.json","reason":"known_good"}
{"at":"2026-06-16T11:22:19.392Z","level":"warn","event":"snapshot_restore","path":"data/war-room/breakdowns.json","snapshot":"C:\\Users\\crour\\OneDrive\\Desktop\\gatorvault\\server\\data\\ops\\self-runner-snapshots\\war-room-breakdowns.json","reason":"known_good"}
{"at":"2026-06-16T11:22:19.397Z","level":"warn","event":"snapshot_restore","path":"data/war-room/scouting-database.json","snapshot":"C:\\Users\\crour\\OneDrive\\Desktop\\gatorvault\\server\\data\\ops\\self-runner-snapshots\\scouting-database.json","reason":"known_good"}
{"at":"2026-06-16T11:22:19.418Z","level":"info","event":"multi_file_patch","bundleKey":"blueprint","files":[null],"edits":1,"blocked":false}
{"at":"2026-06-16T11:22:19.423Z","level":"info","event":"patch_proposed","scanId":"sr2_scan_3642a88c","patchType":"multi-file-v2","files":[null]}
{"at":"2026-06-16T11:22:19.426Z","level":"info","event":"scan","scanId":"sr2_scan_3642a88c","finished":true,"issueCount":0,"patchCount":1}
{"at":"2026-06-16T18:00:47.993Z","level":"info","event":"scan","scanId":"sr2_scan_9d513a33","mode":"scan-only"}
{"at":"2026-06-16T18:00:48.001Z","level":"warn","event":"snapshot_restore","path":"data/roster/players.json","snapshot":"C:\\Users\\crour\\OneDrive\\Desktop\\gatorvault\\server\\data\\ops\\self-runner-snapshots\\roster-players.json","reason":"known_good"}
{"at":"2026-06-16T18:00:48.005Z","level":"warn","event":"snapshot_restore","path":"data/coaching-staff.json","snapshot":"C:\\Users\\crour\\OneDrive\\Desktop\\gatorvault\\server\\data\\ops\\self-runner-snapshots\\coaching-staff.json","reason":"known_good"}
{"at":"2026-06-16T18:00:48.011Z","level":"warn","event":"snapshot_restore","path":"data/live/feed-items.json","snapshot":"C:\\Users\\crour\\OneDrive\\Desktop\\gatorvault\\server\\data\\ops\\self-runner-snapshots\\feed-items.json","reason":"known_good"}
{"at":"2026-06-16T18:00:48.017Z","level":"warn","event":"snapshot_restore","path":"data/recruiting/players.json","snapshot":"C:\\Users\\crour\\OneDrive\\Desktop\\gatorvault\\server\\data\\ops\\self-runner-snapshots\\recruiting-players.json","reason":"known_good"}
{"at":"2026-06-16T18:00:48.021Z","level":"warn","event":"snapshot_restore","path":"data/war-room/breakdowns.json","snapshot":"C:\\Users\\crour\\OneDrive\\Desktop\\gatorvault\\server\\data\\ops\\self-runner-snapshots\\war-room-breakdowns.json","reason":"known_good"}
{"at":"2026-06-16T18:00:48.024Z","level":"warn","event":"snapshot_restore","path":"data/war-room/scouting-database.json","snapshot":"C:\\Users\\crour\\OneDrive\\Desktop\\gatorvault\\server\\data\\ops\\self-runner-snapshots\\scouting-database.json","reason":"known_good"}
{"at":"2026-06-16T18:00:48.041Z","level":"info","event":"multi_file_patch","bundleKey":"blueprint","files":[null],"edits":1,"blocked":false}
{"at":"2026-06-16T18:00:48.043Z","level":"info","event":"patch_proposed","scanId":"sr2_scan_9d513a33","patchType":"multi-file-v2","files":[null]}
{"at":"2026-06-16T18:00:48.044Z","level":"info","event":"scan","scanId":"sr2_scan_9d513a33","finished":true,"issueCount":0,"patchCount":1}
{"at":"2026-06-16T18:03:36.154Z","level":"info","event":"scan","scanId":"sr2_scan_ac563936","mode":"scan-only"}
{"at":"2026-06-16T18:03:36.168Z","level":"warn","event":"snapshot_restore","path":"data/roster/players.json","snapshot":"C:\\Users\\crour\\OneDrive\\Desktop\\gatorvault\\server\\data\\ops\\self-runner-snapshots\\roster-players.json","reason":"known_good"}
{"at":"2026-06-16T18:03:36.170Z","level":"warn","event":"snapshot_restore","path":"data/coaching-staff.json","snapshot":"C:\\Users\\crour\\OneDrive\\Desktop\\gatorvault\\server\\data\\ops\\self-runner-snapshots\\coaching-staff.json","reason":"known_good"}
{"at":"2026-06-16T18:03:36.177Z","level":"warn","event":"snapshot_restore","path":"data/live/feed-items.json","snapshot":"C:\\Users\\crour\\OneDrive\\Desktop\\gatorvault\\server\\data\\ops\\self-runner-snapshots\\feed-items.json","reason":"known_good"}
{"at":"2026-06-16T18:03:36.182Z","level":"warn","event":"snapshot_restore","path":"data/recruiting/players.json","snapshot":"C:\\Users\\crour\\OneDrive\\Desktop\\gatorvault\\server\\data\\ops\\self-runner-snapshots\\recruiting-players.json","reason":"known_good"}
{"at":"2026-06-16T18:03:36.186Z","level":"warn","event":"snapshot_restore","path":"data/war-room/breakdowns.json","snapshot":"C:\\Users\\crour\\OneDrive\\Desktop\\gatorvault\\server\\data\\ops\\self-runner-snapshots\\war-room-breakdowns.json","reason":"known_good"}
{"at":"2026-06-16T18:03:36.190Z","level":"warn","event":"snapshot_restore","path":"data/war-room/scouting-database.json","snapshot":"C:\\Users\\crour\\OneDrive\\Desktop\\gatorvault\\server\\data\\ops\\self-runner-snapshots\\scouting-database.json","reason":"known_good"}
{"at":"2026-06-16T18:03:36.204Z","level":"info","event":"multi_file_patch","bundleKey":"blueprint","files":[null],"edits":1,"blocked":false}
{"at":"2026-06-16T18:03:36.208Z","level":"info","event":"patch_proposed","scanId":"sr2_scan_ac563936","patchType":"multi-file-v2","files":[null]}
{"at":"2026-06-16T18:03:36.210Z","level":"info","event":"scan","scanId":"sr2_scan_ac563936","finished":true,"issueCount":0,"patchCount":1}
{"at":"2026-06-16T18:18:43.967Z","level":"info","event":"scan","scanId":"sr2_scan_63d20b69","mode":"scan-only"}
{"at":"2026-06-16T18:18:43.975Z","level":"warn","event":"snapshot_restore","path":"data/roster/players.json","snapshot":"C:\\Users\\crour\\OneDrive\\Desktop\\gatorvault\\server\\data\\ops\\self-runner-snapshots\\roster-players.json","reason":"known_good"}
{"at":"2026-06-16T18:18:43.977Z","level":"warn","event":"snapshot_restore","path":"data/coaching-staff.json","snapshot":"C:\\Users\\crour\\OneDrive\\Desktop\\gatorvault\\server\\data\\ops\\self-runner-snapshots\\coaching-staff.json","reason":"known_good"}
{"at":"2026-06-16T18:18:43.983Z","level":"warn","event":"snapshot_restore","path":"data/live/feed-items.json","snapshot":"C:\\Users\\crour\\OneDrive\\Desktop\\gatorvault\\server\\data\\ops\\self-runner-snapshots\\feed-items.json","reason":"known_good"}
{"at":"2026-06-16T18:18:43.987Z","level":"warn","event":"snapshot_restore","path":"data/recruiting/players.json","snapshot":"C:\\Users\\crour\\OneDrive\\Desktop\\gatorvault\\server\\data\\ops\\self-runner-snapshots\\recruiting-players.json","reason":"known_good"}
{"at":"2026-06-16T18:18:43.991Z","level":"warn","event":"snapshot_restore","path":"data/war-room/breakdowns.json","snapshot":"C:\\Users\\crour\\OneDrive\\Desktop\\gatorvault\\server\\data\\ops\\self-runner-snapshots\\war-room-breakdowns.json","reason":"known_good"}
{"at":"2026-06-16T18:18:43.993Z","level":"warn","event":"snapshot_restore","path":"data/war-room/scouting-database.json","snapshot":"C:\\Users\\crour\\OneDrive\\Desktop\\gatorvault\\server\\data\\ops\\self-runner-snapshots\\scouting-database.json","reason":"known_good"}
{"at":"2026-06-16T18:18:44.009Z","level":"info","event":"multi_file_patch","bundleKey":"blueprint","files":[null],"edits":1,"blocked":false}
{"at":"2026-06-16T18:18:44.013Z","level":"info","event":"patch_proposed","scanId":"sr2_scan_63d20b69","patchType":"multi-file-v2","files":[null]}
{"at":"2026-06-16T18:18:44.015Z","level":"info","event":"scan","scanId":"sr2_scan_63d20b69","finished":true,"issueCount":0,"patchCount":1}
{"at":"2026-07-04T13:56:21.487Z","level":"info","event":"dedupe_rule","action":"upsert_rejected","reason":"duplicate_url","id":"intel:281368|target_update|2026-06-26","duplicateOf":"commit:aamaury-fountain|florida|2026-04-11","hash":"f024b686f9bd0c4b27b0d19299694ac3d9a7b469eba0fee9839488a2517d73c8","title":"Aamaury Fountain — Recruiting intel"}
{"at":"2026-07-04T13:56:21.643Z","level":"info","event":"dedupe_rule","action":"upsert_rejected","reason":"duplicate_url","id":"intel:180637|target_update|2026-06-27","duplicateOf":"commit:180637|florida|2026-04-08","hash":"c027e28fb3545dcdd44a9dc06bac248270957b5151333f3b7514d16d7b16c14d","title":"Maxwell Hiller — Recruiting intel"}
{"at":"2026-07-04T13:56:21.800Z","level":"info","event":"dedupe_rule","action":"upsert_rejected","reason":"duplicate_url","id":"intel:180637|target_update|2026-06-27","duplicateOf":"commit:180637|florida|2026-04-08","hash":"a727225bdd2e75307a3d95c479a5a7b8e9457456545659cdbdfc0decc500e36b","title":"Maxwell Hiller — Recruiting intel"}
{"at":"2026-07-04T13:56:21.807Z","level":"info","event":"dedupe_rule","action":"upsert_rejected","reason":"duplicate_url","id":"intel:281368|target_update|2026-06-26","duplicateOf":"commit:aamaury-fountain|florida|2026-04-11","hash":"f024b686f9bd0c4b27b0d19299694ac3d9a7b469eba0fee9839488a2517d73c8","title":"Aamaury Fountain — Recruiting intel"}
{"at":"2026-07-04T13:56:21.970Z","level":"info","event":"dedupe_rule","action":"upsert_rejected","reason":"duplicate_url","id":"intel:180637|target_update|2026-06-27","duplicateOf":"commit:180637|florida|2026-04-08","hash":"c027e28fb3545dcdd44a9dc06bac248270957b5151333f3b7514d16d7b16c14d","title":"Maxwell Hiller — Recruiting intel"}
{"at":"2026-07-04T13:56:22.132Z","level":"info","event":"dedupe_rule","action":"upsert_rejected","reason":"duplicate_url","id":"intel:180637|target_update|2026-06-27","duplicateOf":"commit:180637|florida|2026-04-08","hash":"a727225bdd2e75307a3d95c479a5a7b8e9457456545659cdbdfc0decc500e36b","title":"Maxwell Hiller — Recruiting intel"}
{"at":"2026-07-04T13:56:22.139Z","level":"info","event":"dedupe_rule","action":"upsert_rejected","reason":"duplicate_url","id":"intel:242617|target_update|2026-06-26","duplicateOf":"intel:242617|target_update|2026-06-27","hash":"99825e2ee08b54c6db04553d5f05fc858bf7dffbd10ceeff6d6d547a41fd484a","title":"Cyion Smith — Recruiting intel"}
{"at":"2026-07-04T13:56:22.303Z","level":"info","event":"dedupe_rule","action":"upsert_rejected","reason":"duplicate_url","id":"intel:242853|prediction|2026-06-26","duplicateOf":"intel:242853|target_update|2026-07-03","hash":"4f1f779e42e63b4072995b0f19587fd23dbbcfefcad5c8e9e9787e9a14eb6b46","title":"Raheem Floyd — Rivals FutureCast · Florida"}
{"at":"2026-07-04T13:56:22.623Z","level":"info","event":"dedupe_rule","action":"upsert_rejected","reason":"duplicate_url","id":"intel:242617|target_update|2026-06-26","duplicateOf":"intel:242617|target_update|2026-06-27","hash":"99825e2ee08b54c6db04553d5f05fc858bf7dffbd10ceeff6d6d547a41fd484a","title":"Cyion Smith — Recruiting intel"}
{"at":"2026-07-04T13:56:22.792Z","level":"info","event":"dedupe_rule","action":"upsert_rejected","reason":"duplicate_url","id":"intel:242853|prediction|2026-06-26","duplicateOf":"intel:242853|target_update|2026-07-03","hash":"4f1f779e42e63b4072995b0f19587fd23dbbcfefcad5c8e9e9787e9a14eb6b46","title":"Raheem Floyd — Rivals FutureCast · Florida"}
{"at":"2026-07-04T13:56:23.478Z","level":"info","event":"dedupe_rule","action":"upsert_rejected","reason":"duplicate_url","id":"intel:xander-edwards|target_update|2026-06-25","duplicateOf":"intel:243859|target_update|2026-06-25","hash":"474cb7bda8fd59fbd7135060bcbc5e380fb2e0e0f50e5a273f600f8a35c88e48","title":"Xander Edwards — Recruiting intel"}
{"at":"2026-07-04T13:56:23.651Z","level":"info","event":"dedupe_rule","action":"upsert_rejected","reason":"duplicate_url","id":"intel:xander-edwards|target_update|2026-06-25","duplicateOf":"intel:243859|target_update|2026-06-25","hash":"474cb7bda8fd59fbd7135060bcbc5e380fb2e0e0f50e5a273f600f8a35c88e48","title":"Xander Edwards — Recruiting intel"}
{"at":"2026-07-04T13:56:24.008Z","level":"info","event":"dedupe_rule","action":"upsert_rejected","reason":"duplicate_url","id":"intel:xander-edwards|target_update|2026-06-25","duplicateOf":"intel:243859|target_update|2026-06-25","hash":"474cb7bda8fd59fbd7135060bcbc5e380fb2e0e0f50e5a273f600f8a35c88e48","title":"Xander Edwards — Recruiting intel"}
{"at":"2026-07-04T13:56:24.016Z","level":"info","event":"dedupe_rule","action":"upsert_rejected","reason":"duplicate_url","id":"intel:180637|official_visit|2026-06-22","duplicateOf":"commit:180637|florida|2026-04-08","hash":"ab833a7541d25b2a4e0f629f02c91a5f002d5295845345e14421c80ae5754319","title":"Maxwell Hiller — Official Visit Scheduled"}
{"at":"2026-07-04T13:56:24.023Z","level":"info","event":"dedupe_rule","action":"upsert_rejected","reason":"duplicate_url","id":"intel:xander-edwards|target_update|2026-06-25","duplicateOf":"intel:243859|target_update|2026-06-25","hash":"474cb7bda8fd59fbd7135060bcbc5e380fb2e0e0f50e5a273f600f8a35c88e48","title":"Xander Edwards — Recruiting intel"}
{"at":"2026-07-04T13:56:24.029Z","level":"info","event":"dedupe_rule","action":"upsert_rejected","reason":"duplicate_url","id":"intel:easton-royal|official_visit|2026-06-24","duplicateOf":"intel:243862|official_visit|2026-06-11","hash":"0858148ed5b5fdeb57b82ee6ea904633d579bca784abe4bfacf334f2e51f8991","title":"Easton Royal — Official Visit Scheduled"}
{"at":"2026-07-04T13:56:24.411Z","level":"info","event":"dedupe_rule","action":"upsert_rejected","reason":"duplicate_url","id":"intel:180637|official_visit|2026-06-22","duplicateOf":"commit:180637|florida|2026-04-08","hash":"ab833a7541d25b2a4e0f629f02c91a5f002d5295845345e14421c80ae5754319","title":"Maxwell Hiller — Official Visit Scheduled"}
{"at":"2026-07-04T13:56:24.621Z","level":"info","event":"dedupe_rule","action":"upsert_rejected","reason":"duplicate_url","id":"intel:easton-royal|official_visit|2026-06-24","duplicateOf":"intel:243862|official_visit|2026-06-11","hash":"0858148ed5b5fdeb57b82ee6ea904633d579bca784abe4bfacf334f2e51f8991","title":"Easton Royal — Official Visit Scheduled"}
{"at":"2026-07-04T13:56:40.519Z","level":"info","event":"dedupe_rule","action":"upsert_rejected","reason":"duplicate_url","id":"intel:281368|target_update|2026-06-26","duplicateOf":"commit:aamaury-fountain|florida|2026-04-11","hash":"f024b686f9bd0c4b27b0d19299694ac3d9a7b469eba0fee9839488a2517d73c8","title":"Aamaury Fountain — Recruiting intel"}
{"at":"2026-07-04T13:56:40.526Z","level":"info","event":"dedupe_rule","action":"upsert_rejected","reason":"duplicate_url","id":"intel:180637|target_update|2026-06-27","duplicateOf":"commit:maxwell-hiller|florida|2026-04-08","hash":"c027e28fb3545dcdd44a9dc06bac248270957b5151333f3b7514d16d7b16c14d","title":"Maxwell Hiller — Recruiting intel"}
{"at":"2026-07-04T13:56:40.535Z","level":"info","event":"dedupe_rule","action":"upsert_rejected","reason":"duplicate_url","id":"intel:180637|target_update|2026-06-27","duplicateOf":"commit:maxwell-hiller|florida|2026-04-08","hash":"a727225bdd2e75307a3d95c479a5a7b8e9457456545659cdbdfc0decc500e36b","title":"Maxwell Hiller — Recruiting intel"}
{"at":"2026-07-04T13:56:40.925Z","level":"info","event":"dedupe_rule","action":"upsert_rejected","reason":"duplicate_url","id":"intel:242617|target_update|2026-06-26","duplicateOf":"intel:242617|target_update|2026-06-27","hash":"99825e2ee08b54c6db04553d5f05fc858bf7dffbd10ceeff6d6d547a41fd484a","title":"Cyion Smith — Recruiting intel"}
{"at":"2026-07-04T13:56:40.930Z","level":"info","event":"dedupe_rule","action":"upsert_rejected","reason":"duplicate_url","id":"intel:242853|prediction|2026-06-26","duplicateOf":"intel:242853|target_update|2026-07-03","hash":"4f1f779e42e63b4072995b0f19587fd23dbbcfefcad5c8e9e9787e9a14eb6b46","title":"Raheem Floyd — Rivals FutureCast · Florida"}
{"at":"2026-07-04T13:56:41.695Z","level":"info","event":"dedupe_rule","action":"upsert_rejected","reason":"duplicate_url","id":"intel:xander-edwards|target_update|2026-06-25","duplicateOf":"intel:243859|target_update|2026-06-25","hash":"474cb7bda8fd59fbd7135060bcbc5e380fb2e0e0f50e5a273f600f8a35c88e48","title":"Xander Edwards — Recruiting intel"}
{"at":"2026-07-04T13:56:41.701Z","level":"info","event":"dedupe_rule","action":"upsert_rejected","reason":"duplicate_url","id":"intel:xander-edwards|target_update|2026-06-25","duplicateOf":"intel:243859|target_update|2026-06-25","hash":"474cb7bda8fd59fbd7135060bcbc5e380fb2e0e0f50e5a273f600f8a35c88e48","title":"Xander Edwards — Recruiting intel"}
{"at":"2026-07-04T13:56:41.889Z","level":"info","event":"dedupe_rule","action":"upsert_rejected","reason":"duplicate_url","id":"intel:180637|official_visit|2026-06-22","duplicateOf":"commit:maxwell-hiller|florida|2026-04-08","hash":"ab833a7541d25b2a4e0f629f02c91a5f002d5295845345e14421c80ae5754319","title":"Maxwell Hiller — Official Visit Scheduled"}
{"at":"2026-07-04T13:56:41.897Z","level":"info","event":"dedupe_rule","action":"upsert_rejected","reason":"duplicate_url","id":"intel:easton-royal|official_visit|2026-06-24","duplicateOf":"intel:243862|official_visit|2026-06-11","hash":"0858148ed5b5fdeb57b82ee6ea904633d579bca784abe4bfacf334f2e51f8991","title":"Easton Royal — Official Visit Scheduled"}
{"at":"2026-07-04T13:58:55.170Z","level":"info","event":"dedupe_rule","action":"upsert_rejected","reason":"duplicate_url","id":"gators-online_d046b2e5-baf0-4fc6-a42d-6bb713c855d7","duplicateOf":"gators-online_ecde34a6-2304-4467-ace8-837a4899448b","hash":"1fe1c83e6227b6bfed4af3cde5defa35f4a8891dda8f80ccab846d1be4d1f733","title":"New episode: Gators Online Podcast — Ep. 190: Takeaways from Florida&apos;s roster in CFB 27 | Gators Online Show"}
{"at":"2026-07-04T14:02:32.447Z","level":"info","event":"dedupe_rule","action":"upsert_rejected","reason":"duplicate_url","id":"intel:250285|target_update|2026-06-29","duplicateOf":"intel:250285|official_visit|2026-07-01","hash":"117046ac2a5dbbdff625396534e9f8b8757e7cac42a19a1cb5536ba847620732","title":"Marquis Evans — Recruiting intel"}
{"at":"2026-07-04T14:02:32.455Z","level":"info","event":"dedupe_rule","action":"upsert_rejected","reason":"duplicate_url","id":"intel:250285|target_update|2026-06-29","duplicateOf":"intel:250285|official_visit|2026-07-01","hash":"62dc0b7c2e548d1db6629074f22619263a9d4e5239265f00649a73b78349950b","title":"Marquis Evans — intel"}
{"at":"2026-07-04T14:02:35.673Z","level":"info","event":"dedupe_rule","action":"upsert_rejected","reason":"duplicate_url","id":"intel:250285|target_update|2026-06-29","duplicateOf":"intel:250285|official_visit|2026-07-01","hash":"62dc0b7c2e548d1db6629074f22619263a9d4e5239265f00649a73b78349950b","title":"Marquis Evans — intel"}
{"at":"2026-07-04T14:02:35.932Z","level":"info","event":"dedupe_rule","action":"upsert_rejected","reason":"duplicate_url","id":"intel:phil-trautwein|target_update|2026-06-30","duplicateOf":"intel:39c09d7d-0df3-45a5-a3bb-1667aec1495f|target_update|2026-06-30","hash":"2a1475784ce59c2ddb9918139f00c41827e5e761ceeb6ce441c8d7a91c945ec3","title":"Phil Trautwein — Recruiting intel"}
{"at":"2026-07-04T14:02:36.425Z","level":"info","event":"dedupe_rule","action":"upsert_rejected","reason":"truncated_copy","id":"intel:259645|target_update|2026-07-01","title":"Joey Fleming — intel"}
{"at":"2026-07-04T14:02:37.948Z","level":"info","event":"dedupe_rule","action":"upsert_rejected","reason":"truncated_copy","id":"intel:259645|target_update|2026-07-01","title":"Joey Fleming — Recruiting intel"}
{"at":"2026-07-04T14:02:37.955Z","level":"info","event":"dedupe_rule","action":"upsert_rejected","reason":"truncated_copy","id":"intel:259645|target_update|2026-07-01","title":"Joey Fleming — intel"}
{"at":"2026-07-04T14:02:37.960Z","level":"info","event":"dedupe_rule","action":"upsert_rejected","reason":"truncated_copy","id":"intel:259645|target_update|2026-07-01","title":"Joey Fleming — Recruiting intel"}
{"at":"2026-07-04T14:02:37.969Z","level":"info","event":"dedupe_rule","action":"upsert_rejected","reason":"duplicate_url","id":"intel:145026|target_update|2026-07-01","duplicateOf":"commit:145026|florida|2026-01-05","hash":"15bd845902b53f63c32a0951e4934a028bbe080c6929c9063f7994f57cb764b9","title":"DK Kalu — intel"}
{"at":"2026-07-04T14:02:37.975Z","level":"info","event":"dedupe_rule","action":"upsert_rejected","reason":"truncated_copy","id":"intel:4f411850-c3cb-4225-b92c-979365d6bdd1|unofficial_visit|2026-07-02","title":"Ayden Woodruff — Unofficial Visit"}
{"at":"2026-07-04T14:02:38.324Z","level":"info","event":"dedupe_rule","action":"upsert_rejected","reason":"duplicate_url","id":"intel:244244|target_update|2026-07-01","duplicateOf":"commit:jackson-ballinger|florida|2026-02-24","hash":"ee97db926978f8e8c945a6bc2d64cc6fd3ded9dccd517f4c75474c0b81a7dc49","title":"Jackson Ballinger — Recruiting intel"}
{"at":"2026-07-04T14:02:38.331Z","level":"info","event":"dedupe_rule","action":"upsert_rejected","reason":"duplicate_url","id":"intel:145026|offer|2026-07-01","duplicateOf":"commit:145026|florida|2026-01-05","hash":"bc6c262d2ece05323f2f25f13ea6d67b7cbbada52045c83c974e66f7cb70c931","title":"DK Kalu — Offer · Florida"}
{"at":"2026-07-04T14:02:38.887Z","level":"info","event":"dedupe_rule","action":"upsert_rejected","reason":"duplicate_url","id":"intel:261593|unofficial_visit|2026-07-02","duplicateOf":"intel:261593|unofficial_visit|2026-07-03","hash":"dcc88c934f24a9d4ea6ada11ff3fc69d375ebb463a59435b242609918f21a9a0","title":"Bryce Willingham — Unofficial Visit"}
{"at":"2026-07-04T14:02:38.893Z","level":"info","event":"dedupe_rule","action":"upsert_rejected","reason":"duplicate_url","id":"intel:261593|unofficial_visit|2026-07-02","duplicateOf":"intel:261593|unofficial_visit|2026-07-03","hash":"dcc88c934f24a9d4ea6ada11ff3fc69d375ebb463a59435b242609918f21a9a0","title":"Bryce Willingham — Unofficial Visit"}
{"at":"2026-07-04T14:02:38.898Z","level":"info","event":"dedupe_rule","action":"upsert_rejected","reason":"truncated_copy","id":"intel:284243|offer|2026-07-02","title":"Hudson West — Offer · Florida"}
{"at":"2026-07-04T14:03:37.373Z","level":"info","event":"dedupe_rule","action":"upsert_rejected","reason":"duplicate_url","id":"gators-online_d046b2e5-baf0-4fc6-a42d-6bb713c855d7","duplicateOf":"gators-online_ecde34a6-2304-4467-ace8-837a4899448b","hash":"1fe1c83e6227b6bfed4af3cde5defa35f4a8891dda8f80ccab846d1be4d1f733","title":"New episode: Gators Online Podcast — Ep. 190: Takeaways from Florida&apos;s roster in CFB 27 | Gators Online Show"}
{"at":"2026-07-04T14:05:37.053Z","level":"info","event":"dedupe_rule","action":"upsert_rejected","reason":"duplicate_url","id":"intel:250285|target_update|2026-06-29","duplicateOf":"intel:250285|official_visit|2026-07-01","hash":"117046ac2a5dbbdff625396534e9f8b8757e7cac42a19a1cb5536ba847620732","title":"Marquis Evans — Recruiting intel"}
{"at":"2026-07-04T14:05:37.066Z","level":"info","event":"dedupe_rule","action":"upsert_rejected","reason":"duplicate_url","id":"intel:250285|target_update|2026-06-29","duplicateOf":"intel:250285|official_visit|2026-07-01","hash":"62dc0b7c2e548d1db6629074f22619263a9d4e5239265f00649a73b78349950b","title":"Marquis Evans — intel"}
{"at":"2026-07-04T14:05:41.552Z","level":"info","event":"dedupe_rule","action":"upsert_rejected","reason":"duplicate_url","id":"intel:250285|target_update|2026-06-29","duplicateOf":"intel:250285|official_visit|2026-07-01","hash":"62dc0b7c2e548d1db6629074f22619263a9d4e5239265f00649a73b78349950b","title":"Marquis Evans — intel"}
{"at":"2026-07-04T14:05:41.821Z","level":"info","event":"dedupe_rule","action":"upsert_rejected","reason":"duplicate_url","id":"intel:phil-trautwein|target_update|2026-06-30","duplicateOf":"intel:39c09d7d-0df3-45a5-a3bb-1667aec1495f|target_update|2026-06-30","hash":"2a1475784ce59c2ddb9918139f00c41827e5e761ceeb6ce441c8d7a91c945ec3","title":"Phil Trautwein — Recruiting intel"}
{"at":"2026-07-04T14:05:42.376Z","level":"info","event":"dedupe_rule","action":"upsert_rejected","reason":"truncated_copy","id":"intel:259645|target_update|2026-07-01","title":"Joey Fleming — intel"}
{"at":"2026-07-04T14:05:43.996Z","level":"info","event":"dedupe_rule","action":"upsert_rejected","reason":"truncated_copy","id":"intel:259645|target_update|2026-07-01","title":"Joey Fleming — Recruiting intel"}
{"at":"2026-07-04T14:05:44.004Z","level":"info","event":"dedupe_rule","action":"upsert_rejected","reason":"truncated_copy","id":"intel:259645|target_update|2026-07-01","title":"Joey Fleming — intel"}
{"at":"2026-07-04T14:05:44.011Z","level":"info","event":"dedupe_rule","action":"upsert_rejected","reason":"truncated_copy","id":"intel:259645|target_update|2026-07-01","title":"Joey Fleming — Recruiting intel"}
{"at":"2026-07-04T14:05:44.021Z","level":"info","event":"dedupe_rule","action":"upsert_rejected","reason":"duplicate_url","id":"intel:145026|target_update|2026-07-01","duplicateOf":"commit:145026|florida|2026-01-05","hash":"15bd845902b53f63c32a0951e4934a028bbe080c6929c9063f7994f57cb764b9","title":"DK Kalu — intel"}
{"at":"2026-07-04T14:05:44.028Z","level":"info","event":"dedupe_rule","action":"upsert_rejected","reason":"truncated_copy","id":"intel:4f411850-c3cb-4225-b92c-979365d6bdd1|unofficial_visit|2026-07-02","title":"Ayden Woodruff — Unofficial Visit"}
{"at":"2026-07-04T14:05:44.314Z","level":"info","event":"dedupe_rule","action":"upsert_rejected","reason":"duplicate_url","id":"intel:244244|target_update|2026-07-01","duplicateOf":"commit:jackson-ballinger|florida|2026-02-24","hash":"ee97db926978f8e8c945a6bc2d64cc6fd3ded9dccd517f4c75474c0b81a7dc49","title":"Jackson Ballinger — Recruiting intel"}
{"at":"2026-07-04T14:05:44.323Z","level":"info","event":"dedupe_rule","action":"upsert_rejected","reason":"duplicate_url","id":"intel:145026|offer|2026-07-01","duplicateOf":"commit:145026|florida|2026-01-05","hash":"bc6c262d2ece05323f2f25f13ea6d67b7cbbada52045c83c974e66f7cb70c931","title":"DK Kalu — Offer · Florida"}
{"at":"2026-07-04T14:05:44.853Z","level":"info","event":"dedupe_rule","action":"upsert_rejected","reason":"duplicate_url","id":"intel:261593|unofficial_visit|2026-07-02","duplicateOf":"intel:261593|unofficial_visit|2026-07-03","hash":"dcc88c934f24a9d4ea6ada11ff3fc69d375ebb463a59435b242609918f21a9a0","title":"Bryce Willingham — Unofficial Visit"}
{"at":"2026-07-04T14:05:44.864Z","level":"info","event":"dedupe_rule","action":"upsert_rejected","reason":"duplicate_url","id":"intel:261593|unofficial_visit|2026-07-02","duplicateOf":"intel:261593|unofficial_visit|2026-07-03","hash":"dcc88c934f24a9d4ea6ada11ff3fc69d375ebb463a59435b242609918f21a9a0","title":"Bryce Willingham — Unofficial Visit"}
{"at":"2026-07-04T14:05:44.875Z","level":"info","event":"dedupe_rule","action":"upsert_rejected","reason":"truncated_copy","id":"intel:284243|offer|2026-07-02","title":"Hudson West — Offer · Florida"}
{"at":"2026-07-04T14:06:21.634Z","level":"info","event":"dedupe_rule","action":"upsert_rejected","reason":"duplicate_url","id":"gators-online_d046b2e5-baf0-4fc6-a42d-6bb713c855d7","duplicateOf":"gators-online_ecde34a6-2304-4467-ace8-837a4899448b","hash":"1fe1c83e6227b6bfed4af3cde5defa35f4a8891dda8f80ccab846d1be4d1f733","title":"New episode: Gators Online Podcast — Ep. 190: Takeaways from Florida&apos;s roster in CFB 27 | Gators Online Show"}
{"at":"2026-07-04T14:08:36.616Z","level":"info","event":"dedupe_rule","action":"upsert_rejected","reason":"duplicate_url","id":"intel:250285|target_update|2026-06-29","duplicateOf":"intel:250285|official_visit|2026-07-01","hash":"117046ac2a5dbbdff625396534e9f8b8757e7cac42a19a1cb5536ba847620732","title":"Marquis Evans — Recruiting intel"}
{"at":"2026-07-04T14:08:36.623Z","level":"info","event":"dedupe_rule","action":"upsert_rejected","reason":"duplicate_url","id":"intel:250285|target_update|2026-06-29","duplicateOf":"intel:250285|official_visit|2026-07-01","hash":"62dc0b7c2e548d1db6629074f22619263a9d4e5239265f00649a73b78349950b","title":"Marquis Evans — intel"}
{"at":"2026-07-04T14:08:40.177Z","level":"info","event":"dedupe_rule","action":"upsert_rejected","reason":"duplicate_url","id":"intel:250285|target_update|2026-06-29","duplicateOf":"intel:250285|official_visit|2026-07-01","hash":"62dc0b7c2e548d1db6629074f22619263a9d4e5239265f00649a73b78349950b","title":"Marquis Evans — intel"}
{"at":"2026-07-04T14:08:40.443Z","level":"info","event":"dedupe_rule","action":"upsert_rejected","reason":"duplicate_url","id":"intel:phil-trautwein|target_update|2026-06-30","duplicateOf":"intel:39c09d7d-0df3-45a5-a3bb-1667aec1495f|target_update|2026-06-30","hash":"2a1475784ce59c2ddb9918139f00c41827e5e761ceeb6ce441c8d7a91c945ec3","title":"Phil Trautwein — Recruiting intel"}
{"at":"2026-07-04T14:08:40.996Z","level":"info","event":"dedupe_rule","action":"upsert_rejected","reason":"truncated_copy","id":"intel:259645|target_update|2026-07-01","title":"Joey Fleming — intel"}
{"at":"2026-07-04T14:08:42.594Z","level":"info","event":"dedupe_rule","action":"upsert_rejected","reason":"truncated_copy","id":"intel:259645|target_update|2026-07-01","title":"Joey Fleming — Recruiting intel"}
{"at":"2026-07-04T14:08:42.602Z","level":"info","event":"dedupe_rule","action":"upsert_rejected","reason":"truncated_copy","id":"intel:259645|target_update|2026-07-01","title":"Joey Fleming — intel"}
{"at":"2026-07-04T14:08:42.608Z","level":"info","event":"dedupe_rule","action":"upsert_rejected","reason":"truncated_copy","id":"intel:259645|target_update|2026-07-01","title":"Joey Fleming — Recruiting intel"}
{"at":"2026-07-04T14:08:42.617Z","level":"info","event":"dedupe_rule","action":"upsert_rejected","reason":"duplicate_url","id":"intel:145026|target_update|2026-07-01","duplicateOf":"commit:145026|florida|2026-01-05","hash":"15bd845902b53f63c32a0951e4934a028bbe080c6929c9063f7994f57cb764b9","title":"DK Kalu — intel"}
{"at":"2026-07-04T14:08:42.624Z","level":"info","event":"dedupe_rule","action":"upsert_rejected","reason":"truncated_copy","id":"intel:4f411850-c3cb-4225-b92c-979365d6bdd1|unofficial_visit|2026-07-02","title":"Ayden Woodruff — Unofficial Visit"}
{"at":"2026-07-04T14:08:42.891Z","level":"info","event":"dedupe_rule","action":"upsert_rejected","reason":"duplicate_url","id":"intel:244244|target_update|2026-07-01","duplicateOf":"commit:jackson-ballinger|florida|2026-02-24","hash":"ee97db926978f8e8c945a6bc2d64cc6fd3ded9dccd517f4c75474c0b81a7dc49","title":"Jackson Ballinger — Recruiting intel"}
{"at":"2026-07-04T14:08:42.901Z","level":"info","event":"dedupe_rule","action":"upsert_rejected","reason":"duplicate_url","id":"intel:145026|offer|2026-07-01","duplicateOf":"commit:145026|florida|2026-01-05","hash":"bc6c262d2ece05323f2f25f13ea6d67b7cbbada52045c83c974e66f7cb70c931","title":"DK Kalu — Offer · Florida"}
{"at":"2026-07-04T14:08:43.445Z","level":"info","event":"dedupe_rule","action":"upsert_rejected","reason":"duplicate_url","id":"intel:261593|unofficial_visit|2026-07-02","duplicateOf":"intel:261593|unofficial_visit|2026-07-03","hash":"dcc88c934f24a9d4ea6ada11ff3fc69d375ebb463a59435b242609918f21a9a0","title":"Bryce Willingham — Unofficial Visit"}
{"at":"2026-07-04T14:08:43.453Z","level":"info","event":"dedupe_rule","action":"upsert_rejected","reason":"duplicate_url","id":"intel:261593|unofficial_visit|2026-07-02","duplicateOf":"intel:261593|unofficial_visit|2026-07-03","hash":"dcc88c934f24a9d4ea6ada11ff3fc69d375ebb463a59435b242609918f21a9a0","title":"Bryce Willingham — Unofficial Visit"}
{"at":"2026-07-04T14:08:43.459Z","level":"info","event":"dedupe_rule","action":"upsert_rejected","reason":"truncated_copy","id":"intel:284243|offer|2026-07-02","title":"Hudson West — Offer · Florida"}
{"at":"2026-07-04T14:09:44.396Z","level":"info","event":"dedupe_rule","action":"upsert_rejected","reason":"duplicate_url","id":"gators-online_d046b2e5-baf0-4fc6-a42d-6bb713c855d7","duplicateOf":"gators-online_ecde34a6-2304-4467-ace8-837a4899448b","hash":"1fe1c83e6227b6bfed4af3cde5defa35f4a8891dda8f80ccab846d1be4d1f733","title":"New episode: Gators Online Podcast — Ep. 190: Takeaways from Florida&apos;s roster in CFB 27 | Gators Online Show"}
{"at":"2026-07-04T14:11:35.825Z","level":"info","event":"dedupe_rule","action":"upsert_rejected","reason":"duplicate_url","id":"intel:250285|target_update|2026-06-29","duplicateOf":"intel:250285|official_visit|2026-07-01","hash":"117046ac2a5dbbdff625396534e9f8b8757e7cac42a19a1cb5536ba847620732","title":"Marquis Evans — Recruiting intel"}
{"at":"2026-07-04T14:11:35.833Z","level":"info","event":"dedupe_rule","action":"upsert_rejected","reason":"duplicate_url","id":"intel:250285|target_update|2026-06-29","duplicateOf":"intel:250285|official_visit|2026-07-01","hash":"62dc0b7c2e548d1db6629074f22619263a9d4e5239265f00649a73b78349950b","title":"Marquis Evans — intel"}
{"at":"2026-07-04T14:11:39.321Z","level":"info","event":"dedupe_rule","action":"upsert_rejected","reason":"duplicate_url","id":"intel:250285|target_update|2026-06-29","duplicateOf":"intel:250285|official_visit|2026-07-01","hash":"62dc0b7c2e548d1db6629074f22619263a9d4e5239265f00649a73b78349950b","title":"Marquis Evans — intel"}
{"at":"2026-07-04T14:11:39.578Z","level":"info","event":"dedupe_rule","action":"upsert_rejected","reason":"duplicate_url","id":"intel:phil-trautwein|target_update|2026-06-30","duplicateOf":"intel:39c09d7d-0df3-45a5-a3bb-1667aec1495f|target_update|2026-06-30","hash":"2a1475784ce59c2ddb9918139f00c41827e5e761ceeb6ce441c8d7a91c945ec3","title":"Phil Trautwein — Recruiting intel"}
{"at":"2026-07-04T14:11:40.089Z","level":"info","event":"dedupe_rule","action":"upsert_rejected","reason":"truncated_copy","id":"intel:259645|target_update|2026-07-01","title":"Joey Fleming — intel"}
{"at":"2026-07-04T14:11:41.565Z","level":"info","event":"dedupe_rule","action":"upsert_rejected","reason":"truncated_copy","id":"intel:259645|target_update|2026-07-01","title":"Joey Fleming — Recruiting intel"}
{"at":"2026-07-04T14:11:41.571Z","level":"info","event":"dedupe_rule","action":"upsert_rejected","reason":"truncated_copy","id":"intel:259645|target_update|2026-07-01","title":"Joey Fleming — intel"}
{"at":"2026-07-04T14:11:41.576Z","level":"info","event":"dedupe_rule","action":"upsert_rejected","reason":"truncated_copy","id":"intel:259645|target_update|2026-07-01","title":"Joey Fleming — Recruiting intel"}
{"at":"2026-07-04T14:11:41.585Z","level":"info","event":"dedupe_rule","action":"upsert_rejected","reason":"duplicate_url","id":"intel:145026|target_update|2026-07-01","duplicateOf":"commit:145026|florida|2026-01-05","hash":"15bd845902b53f63c32a0951e4934a028bbe080c6929c9063f7994f57cb764b9","title":"DK Kalu — intel"}
{"at":"2026-07-04T14:11:41.592Z","level":"info","event":"dedupe_rule","action":"upsert_rejected","reason":"truncated_copy","id":"intel:4f411850-c3cb-4225-b92c-979365d6bdd1|unofficial_visit|2026-07-02","title":"Ayden Woodruff — Unofficial Visit"}
{"at":"2026-07-04T14:11:41.848Z","level":"info","event":"dedupe_rule","action":"upsert_rejected","reason":"duplicate_url","id":"intel:244244|target_update|2026-07-01","duplicateOf":"commit:jackson-ballinger|florida|2026-02-24","hash":"ee97db926978f8e8c945a6bc2d64cc6fd3ded9dccd517f4c75474c0b81a7dc49","title":"Jackson Ballinger — Recruiting intel"}
{"at":"2026-07-04T14:11:41.857Z","level":"info","event":"dedupe_rule","action":"upsert_rejected","reason":"duplicate_url","id":"intel:145026|offer|2026-07-01","duplicateOf":"commit:145026|florida|2026-01-05","hash":"bc6c262d2ece05323f2f25f13ea6d67b7cbbada52045c83c974e66f7cb70c931","title":"DK Kalu — Offer · Florida"}
{"at":"2026-07-04T14:11:42.358Z","level":"info","event":"dedupe_rule","action":"upsert_rejected","reason":"duplicate_url","id":"intel:261593|unofficial_visit|2026-07-02","duplicateOf":"intel:261593|unofficial_visit|2026-07-03","hash":"dcc88c934f24a9d4ea6ada11ff3fc69d375ebb463a59435b242609918f21a9a0","title":"Bryce Willingham — Unofficial Visit"}
{"at":"2026-07-04T14:11:42.367Z","level":"info","event":"dedupe_rule","action":"upsert_rejected","reason":"duplicate_url","id":"intel:261593|unofficial_visit|2026-07-02","duplicateOf":"intel:261593|unofficial_visit|2026-07-03","hash":"dcc88c934f24a9d4ea6ada11ff3fc69d375ebb463a59435b242609918f21a9a0","title":"Bryce Willingham — Unofficial Visit"}
{"at":"2026-07-04T14:11:42.374Z","level":"info","event":"dedupe_rule","action":"upsert_rejected","reason":"truncated_copy","id":"intel:284243|offer|2026-07-02","title":"Hudson West — Offer · Florida"}
{"at":"2026-07-04T14:12:31.152Z","level":"info","event":"dedupe_rule","action":"upsert_rejected","reason":"duplicate_url","id":"gators-online_d046b2e5-baf0-4fc6-a42d-6bb713c855d7","duplicateOf":"gators-online_ecde34a6-2304-4467-ace8-837a4899448b","hash":"1fe1c83e6227b6bfed4af3cde5defa35f4a8891dda8f80ccab846d1be4d1f733","title":"New episode: Gators Online Podcast — Ep. 190: Takeaways from Florida&apos;s roster in CFB 27 | Gators Online Show"}
{"at":"2026-07-04T14:14:37.592Z","level":"info","event":"dedupe_rule","action":"upsert_rejected","reason":"duplicate_url","id":"intel:250285|target_update|2026-06-29","duplicateOf":"intel:250285|official_visit|2026-07-01","hash":"117046ac2a5dbbdff625396534e9f8b8757e7cac42a19a1cb5536ba847620732","title":"Marquis Evans — Recruiting intel"}
{"at":"2026-07-04T14:14:37.598Z","level":"info","event":"dedupe_rule","action":"upsert_rejected","reason":"duplicate_url","id":"intel:250285|target_update|2026-06-29","duplicateOf":"intel:250285|official_visit|2026-07-01","hash":"62dc0b7c2e548d1db6629074f22619263a9d4e5239265f00649a73b78349950b","title":"Marquis Evans — intel"}
{"at":"2026-07-04T14:14:41.221Z","level":"info","event":"dedupe_rule","action":"upsert_rejected","reason":"duplicate_url","id":"intel:250285|target_update|2026-06-29","duplicateOf":"intel:250285|official_visit|2026-07-01","hash":"62dc0b7c2e548d1db6629074f22619263a9d4e5239265f00649a73b78349950b","title":"Marquis Evans — intel"}
{"at":"2026-07-04T14:14:41.483Z","level":"info","event":"dedupe_rule","action":"upsert_rejected","reason":"duplicate_url","id":"intel:phil-trautwein|target_update|2026-06-30","duplicateOf":"intel:39c09d7d-0df3-45a5-a3bb-1667aec1495f|target_update|2026-06-30","hash":"2a1475784ce59c2ddb9918139f00c41827e5e761ceeb6ce441c8d7a91c945ec3","title":"Phil Trautwein — Recruiting intel"}
{"at":"2026-07-04T14:14:42.004Z","level":"info","event":"dedupe_rule","action":"upsert_rejected","reason":"truncated_copy","id":"intel:259645|target_update|2026-07-01","title":"Joey Fleming — intel"}
{"at":"2026-07-04T14:14:43.504Z","level":"info","event":"dedupe_rule","action":"upsert_rejected","reason":"truncated_copy","id":"intel:259645|target_update|2026-07-01","title":"Joey Fleming — Recruiting intel"}
{"at":"2026-07-04T14:14:43.510Z","level":"info","event":"dedupe_rule","action":"upsert_rejected","reason":"truncated_copy","id":"intel:259645|target_update|2026-07-01","title":"Joey Fleming — intel"}
{"at":"2026-07-04T14:14:43.517Z","level":"info","event":"dedupe_rule","action":"upsert_rejected","reason":"truncated_copy","id":"intel:259645|target_update|2026-07-01","title":"Joey Fleming — Recruiting intel"}
{"at":"2026-07-04T14:14:43.526Z","level":"info","event":"dedupe_rule","action":"upsert_rejected","reason":"duplicate_url","id":"intel:145026|target_update|2026-07-01","duplicateOf":"commit:145026|florida|2026-01-05","hash":"15bd845902b53f63c32a0951e4934a028bbe080c6929c9063f7994f57cb764b9","title":"DK Kalu — intel"}
{"at":"2026-07-04T14:14:43.533Z","level":"info","event":"dedupe_rule","action":"upsert_rejected","reason":"truncated_copy","id":"intel:4f411850-c3cb-4225-b92c-979365d6bdd1|unofficial_visit|2026-07-02","title":"Ayden Woodruff — Unofficial Visit"}
{"at":"2026-07-04T14:14:43.793Z","level":"info","event":"dedupe_rule","action":"upsert_rejected","reason":"duplicate_url","id":"intel:244244|target_update|2026-07-01","duplicateOf":"commit:jackson-ballinger|florida|2026-02-24","hash":"ee97db926978f8e8c945a6bc2d64cc6fd3ded9dccd517f4c75474c0b81a7dc49","title":"Jackson Ballinger — Recruiting intel"}
{"at":"2026-07-04T14:14:43.802Z","level":"info","event":"dedupe_rule","action":"upsert_rejected","reason":"duplicate_url","id":"intel:145026|offer|2026-07-01","duplicateOf":"commit:145026|florida|2026-01-05","hash":"bc6c262d2ece05323f2f25f13ea6d67b7cbbada52045c83c974e66f7cb70c931","title":"DK Kalu — Offer · Florida"}
{"at":"2026-07-04T14:14:44.309Z","level":"info","event":"dedupe_rule","action":"upsert_rejected","reason":"duplicate_url","id":"intel:261593|unofficial_visit|2026-07-02","duplicateOf":"intel:261593|unofficial_visit|2026-07-03","hash":"dcc88c934f24a9d4ea6ada11ff3fc69d375ebb463a59435b242609918f21a9a0","title":"Bryce Willingham — Unofficial Visit"}
{"at":"2026-07-04T14:14:44.315Z","level":"info","event":"dedupe_rule","action":"upsert_rejected","reason":"duplicate_url","id":"intel:261593|unofficial_visit|2026-07-02","duplicateOf":"intel:261593|unofficial_visit|2026-07-03","hash":"dcc88c934f24a9d4ea6ada11ff3fc69d375ebb463a59435b242609918f21a9a0","title":"Bryce Willingham — Unofficial Visit"}
{"at":"2026-07-04T14:15:12.545Z","level":"info","event":"dedupe_rule","action":"upsert_rejected","reason":"duplicate_url","id":"gators-online_d046b2e5-baf0-4fc6-a42d-6bb713c855d7","duplicateOf":"gators-online_ecde34a6-2304-4467-ace8-837a4899448b","hash":"1fe1c83e6227b6bfed4af3cde5defa35f4a8891dda8f80ccab846d1be4d1f733","title":"New episode: Gators Online Podcast — Ep. 190: Takeaways from Florida&apos;s roster in CFB 27 | Gators Online Show"}
{"at":"2026-07-04T14:17:41.568Z","level":"info","event":"dedupe_rule","action":"upsert_rejected","reason":"duplicate_url","id":"intel:250285|target_update|2026-06-29","duplicateOf":"intel:250285|official_visit|2026-07-01","hash":"117046ac2a5dbbdff625396534e9f8b8757e7cac42a19a1cb5536ba847620732","title":"Marquis Evans — Recruiting intel"}
{"at":"2026-07-04T14:17:41.578Z","level":"info","event":"dedupe_rule","action":"upsert_rejected","reason":"duplicate_url","id":"intel:250285|target_update|2026-06-29","duplicateOf":"intel:250285|official_visit|2026-07-01","hash":"62dc0b7c2e548d1db6629074f22619263a9d4e5239265f00649a73b78349950b","title":"Marquis Evans — intel"}
{"at":"2026-07-04T14:17:45.636Z","level":"info","event":"dedupe_rule","action":"upsert_rejected","reason":"duplicate_url","id":"intel:250285|target_update|2026-06-29","duplicateOf":"intel:250285|official_visit|2026-07-01","hash":"62dc0b7c2e548d1db6629074f22619263a9d4e5239265f00649a73b78349950b","title":"Marquis Evans — intel"}
{"at":"2026-07-04T14:17:45.962Z","level":"info","event":"dedupe_rule","action":"upsert_rejected","reason":"duplicate_url","id":"intel:phil-trautwein|target_update|2026-06-30","duplicateOf":"intel:39c09d7d-0df3-45a5-a3bb-1667aec1495f|target_update|2026-06-30","hash":"2a1475784ce59c2ddb9918139f00c41827e5e761ceeb6ce441c8d7a91c945ec3","title":"Phil Trautwein — Recruiting intel"}
{"at":"2026-07-04T14:17:46.718Z","level":"info","event":"dedupe_rule","action":"upsert_rejected","reason":"truncated_copy","id":"intel:259645|target_update|2026-07-01","title":"Joey Fleming — intel"}
{"at":"2026-07-04T14:17:49.172Z","level":"info","event":"dedupe_rule","action":"upsert_rejected","reason":"truncated_copy","id":"intel:259645|target_update|2026-07-01","title":"Joey Fleming — Recruiting intel"}
{"at":"2026-07-04T14:17:49.192Z","level":"info","event":"dedupe_rule","action":"upsert_rejected","reason":"truncated_copy","id":"intel:259645|target_update|2026-07-01","title":"Joey Fleming — intel"}
{"at":"2026-07-04T14:17:49.206Z","level":"info","event":"dedupe_rule","action":"upsert_rejected","reason":"truncated_copy","id":"intel:259645|target_update|2026-07-01","title":"Joey Fleming — Recruiting intel"}
{"at":"2026-07-04T14:17:49.223Z","level":"info","event":"dedupe_rule","action":"upsert_rejected","reason":"duplicate_url","id":"intel:145026|target_update|2026-07-01","duplicateOf":"commit:145026|florida|2026-01-05","hash":"15bd845902b53f63c32a0951e4934a028bbe080c6929c9063f7994f57cb764b9","title":"DK Kalu — intel"}
{"at":"2026-07-04T14:17:49.238Z","level":"info","event":"dedupe_rule","action":"upsert_rejected","reason":"truncated_copy","id":"intel:4f411850-c3cb-4225-b92c-979365d6bdd1|unofficial_visit|2026-07-02","title":"Ayden Woodruff — Unofficial Visit"}
{"at":"2026-07-04T14:17:49.735Z","level":"info","event":"dedupe_rule","action":"upsert_rejected","reason":"duplicate_url","id":"intel:244244|target_update|2026-07-01","duplicateOf":"commit:jackson-ballinger|florida|2026-02-24","hash":"ee97db926978f8e8c945a6bc2d64cc6fd3ded9dccd517f4c75474c0b81a7dc49","title":"Jackson Ballinger — Recruiting intel"}
{"at":"2026-07-04T14:17:49.751Z","level":"info","event":"dedupe_rule","action":"upsert_rejected","reason":"duplicate_url","id":"intel:145026|offer|2026-07-01","duplicateOf":"commit:145026|florida|2026-01-05","hash":"bc6c262d2ece05323f2f25f13ea6d67b7cbbada52045c83c974e66f7cb70c931","title":"DK Kalu — Offer · Florida"}
{"at":"2026-07-04T14:17:50.746Z","level":"info","event":"dedupe_rule","action":"upsert_rejected","reason":"duplicate_url","id":"intel:261593|unofficial_visit|2026-07-02","duplicateOf":"intel:261593|unofficial_visit|2026-07-03","hash":"dcc88c934f24a9d4ea6ada11ff3fc69d375ebb463a59435b242609918f21a9a0","title":"Bryce Willingham — Unofficial Visit"}
{"at":"2026-07-04T14:17:50.762Z","level":"info","event":"dedupe_rule","action":"upsert_rejected","reason":"duplicate_url","id":"intel:261593|unofficial_visit|2026-07-02","duplicateOf":"intel:261593|unofficial_visit|2026-07-03","hash":"dcc88c934f24a9d4ea6ada11ff3fc69d375ebb463a59435b242609918f21a9a0","title":"Bryce Willingham — Unofficial Visit"}
{"at":"2026-07-04T14:20:06.454Z","level":"info","event":"dedupe_rule","action":"upsert_rejected","reason":"duplicate_url","id":"gators-online_d046b2e5-baf0-4fc6-a42d-6bb713c855d7","duplicateOf":"gators-online_ecde34a6-2304-4467-ace8-837a4899448b","hash":"1fe1c83e6227b6bfed4af3cde5defa35f4a8891dda8f80ccab846d1be4d1f733","title":"New episode: Gators Online Podcast — Ep. 190: Takeaways from Florida&apos;s roster in CFB 27 | Gators Online Show"}
{"at":"2026-07-04T14:20:47.819Z","level":"info","event":"dedupe_rule","action":"upsert_rejected","reason":"duplicate_url","id":"intel:250285|target_update|2026-06-29","duplicateOf":"intel:250285|official_visit|2026-07-01","hash":"117046ac2a5dbbdff625396534e9f8b8757e7cac42a19a1cb5536ba847620732","title":"Marquis Evans — Recruiting intel"}
{"at":"2026-07-04T14:20:47.829Z","level":"info","event":"dedupe_rule","action":"upsert_rejected","reason":"duplicate_url","id":"intel:250285|target_update|2026-06-29","duplicateOf":"intel:250285|official_visit|2026-07-01","hash":"62dc0b7c2e548d1db6629074f22619263a9d4e5239265f00649a73b78349950b","title":"Marquis Evans — intel"}
{"at":"2026-07-04T14:20:52.640Z","level":"info","event":"dedupe_rule","action":"upsert_rejected","reason":"duplicate_url","id":"intel:250285|target_update|2026-06-29","duplicateOf":"intel:250285|official_visit|2026-07-01","hash":"62dc0b7c2e548d1db6629074f22619263a9d4e5239265f00649a73b78349950b","title":"Marquis Evans — intel"}
{"at":"2026-07-04T14:20:52.959Z","level":"info","event":"dedupe_rule","action":"upsert_rejected","reason":"duplicate_url","id":"intel:phil-trautwein|target_update|2026-06-30","duplicateOf":"intel:39c09d7d-0df3-45a5-a3bb-1667aec1495f|target_update|2026-06-30","hash":"2a1475784ce59c2ddb9918139f00c41827e5e761ceeb6ce441c8d7a91c945ec3","title":"Phil Trautwein — Recruiting intel"}
{"at":"2026-07-04T14:20:53.561Z","level":"info","event":"dedupe_rule","action":"upsert_rejected","reason":"truncated_copy","id":"intel:259645|target_update|2026-07-01","title":"Joey Fleming — intel"}
{"at":"2026-07-04T14:20:55.429Z","level":"info","event":"dedupe_rule","action":"upsert_rejected","reason":"truncated_copy","id":"intel:259645|target_update|2026-07-01","title":"Joey Fleming — Recruiting intel"}
{"at":"2026-07-04T14:20:55.437Z","level":"info","event":"dedupe_rule","action":"upsert_rejected","reason":"truncated_copy","id":"intel:259645|target_update|2026-07-01","title":"Joey Fleming — intel"}
{"at":"2026-07-04T14:20:55.446Z","level":"info","event":"dedupe_rule","action":"upsert_rejected","reason":"truncated_copy","id":"intel:259645|target_update|2026-07-01","title":"Joey Fleming — Recruiting intel"}
{"at":"2026-07-04T14:20:55.456Z","level":"info","event":"dedupe_rule","action":"upsert_rejected","reason":"duplicate_url","id":"intel:145026|target_update|2026-07-01","duplicateOf":"commit:145026|florida|2026-01-05","hash":"15bd845902b53f63c32a0951e4934a028bbe080c6929c9063f7994f57cb764b9","title":"DK Kalu — intel"}
{"at":"2026-07-04T14:20:55.466Z","level":"info","event":"dedupe_rule","action":"upsert_rejected","reason":"truncated_copy","id":"intel:4f411850-c3cb-4225-b92c-979365d6bdd1|unofficial_visit|2026-07-02","title":"Ayden Woodruff — Unofficial Visit"}
{"at":"2026-07-04T14:20:55.780Z","level":"info","event":"dedupe_rule","action":"upsert_rejected","reason":"duplicate_url","id":"intel:244244|target_update|2026-07-01","duplicateOf":"commit:jackson-ballinger|florida|2026-02-24","hash":"ee97db926978f8e8c945a6bc2d64cc6fd3ded9dccd517f4c75474c0b81a7dc49","title":"Jackson Ballinger — Recruiting intel"}
{"at":"2026-07-04T14:20:55.791Z","level":"info","event":"dedupe_rule","action":"upsert_rejected","reason":"duplicate_url","id":"intel:145026|offer|2026-07-01","duplicateOf":"commit:145026|florida|2026-01-05","hash":"bc6c262d2ece05323f2f25f13ea6d67b7cbbada52045c83c974e66f7cb70c931","title":"DK Kalu — Offer · Florida"}
{"at":"2026-07-04T14:20:56.338Z","level":"info","event":"dedupe_rule","action":"upsert_rejected","reason":"duplicate_url","id":"intel:261593|unofficial_visit|2026-07-02","duplicateOf":"intel:261593|unofficial_visit|2026-07-03","hash":"dcc88c934f24a9d4ea6ada11ff3fc69d375ebb463a59435b242609918f21a9a0","title":"Bryce Willingham — Unofficial Visit"}
{"at":"2026-07-04T14:20:56.345Z","level":"info","event":"dedupe_rule","action":"upsert_rejected","reason":"duplicate_url","id":"intel:261593|unofficial_visit|2026-07-02","duplicateOf":"intel:261593|unofficial_visit|2026-07-03","hash":"dcc88c934f24a9d4ea6ada11ff3fc69d375ebb463a59435b242609918f21a9a0","title":"Bryce Willingham — Unofficial Visit"}
{"at":"2026-07-04T14:22:26.749Z","level":"info","event":"dedupe_rule","action":"upsert_rejected","reason":"duplicate_url","id":"gators-online_d046b2e5-baf0-4fc6-a42d-6bb713c855d7","duplicateOf":"gators-online_ecde34a6-2304-4467-ace8-837a4899448b","hash":"1fe1c83e6227b6bfed4af3cde5defa35f4a8891dda8f80ccab846d1be4d1f733","title":"New episode: Gators Online Podcast — Ep. 190: Takeaways from Florida&apos;s roster in CFB 27 | Gators Online Show"}
{"at":"2026-07-04T14:23:36.609Z","level":"info","event":"dedupe_rule","action":"upsert_rejected","reason":"duplicate_url","id":"intel:250285|target_update|2026-06-29","duplicateOf":"intel:250285|official_visit|2026-07-01","hash":"117046ac2a5dbbdff625396534e9f8b8757e7cac42a19a1cb5536ba847620732","title":"Marquis Evans — Recruiting intel"}
{"at":"2026-07-04T14:23:36.619Z","level":"info","event":"dedupe_rule","action":"upsert_rejected","reason":"duplicate_url","id":"intel:250285|target_update|2026-06-29","duplicateOf":"intel:250285|official_visit|2026-07-01","hash":"62dc0b7c2e548d1db6629074f22619263a9d4e5239265f00649a73b78349950b","title":"Marquis Evans — intel"}
{"at":"2026-07-04T14:23:40.001Z","level":"info","event":"dedupe_rule","action":"upsert_rejected","reason":"duplicate_url","id":"intel:250285|target_update|2026-06-29","duplicateOf":"intel:250285|official_visit|2026-07-01","hash":"62dc0b7c2e548d1db6629074f22619263a9d4e5239265f00649a73b78349950b","title":"Marquis Evans — intel"}
{"at":"2026-07-04T14:23:40.294Z","level":"info","event":"dedupe_rule","action":"upsert_rejected","reason":"duplicate_url","id":"intel:phil-trautwein|target_update|2026-06-30","duplicateOf":"intel:39c09d7d-0df3-45a5-a3bb-1667aec1495f|target_update|2026-06-30","hash":"2a1475784ce59c2ddb9918139f00c41827e5e761ceeb6ce441c8d7a91c945ec3","title":"Phil Trautwein — Recruiting intel"}
{"at":"2026-07-04T14:23:40.850Z","level":"info","event":"dedupe_rule","action":"upsert_rejected","reason":"truncated_copy","id":"intel:259645|target_update|2026-07-01","title":"Joey Fleming — intel"}
{"at":"2026-07-04T14:23:42.420Z","level":"info","event":"dedupe_rule","action":"upsert_rejected","reason":"truncated_copy","id":"intel:259645|target_update|2026-07-01","title":"Joey Fleming — Recruiting intel"}
{"at":"2026-07-04T14:23:42.427Z","level":"info","event":"dedupe_rule","action":"upsert_rejected","reason":"truncated_copy","id":"intel:259645|target_update|2026-07-01","title":"Joey Fleming — intel"}
{"at":"2026-07-04T14:23:42.435Z","level":"info","event":"dedupe_rule","action":"upsert_rejected","reason":"truncated_copy","id":"intel:259645|target_update|2026-07-01","title":"Joey Fleming — Recruiting intel"}
{"at":"2026-07-04T14:23:42.443Z","level":"info","event":"dedupe_rule","action":"upsert_rejected","reason":"duplicate_url","id":"intel:145026|target_update|2026-07-01","duplicateOf":"commit:145026|florida|2026-01-05","hash":"15bd845902b53f63c32a0951e4934a028bbe080c6929c9063f7994f57cb764b9","title":"DK Kalu — intel"}
{"at":"2026-07-04T14:23:42.451Z","level":"info","event":"dedupe_rule","action":"upsert_rejected","reason":"truncated_copy","id":"intel:4f411850-c3cb-4225-b92c-979365d6bdd1|unofficial_visit|2026-07-02","title":"Ayden Woodruff — Unofficial Visit"}
{"at":"2026-07-04T14:23:42.708Z","level":"info","event":"dedupe_rule","action":"upsert_rejected","reason":"duplicate_url","id":"intel:244244|target_update|2026-07-01","duplicateOf":"commit:jackson-ballinger|florida|2026-02-24","hash":"ee97db926978f8e8c945a6bc2d64cc6fd3ded9dccd517f4c75474c0b81a7dc49","title":"Jackson Ballinger — Recruiting intel"}
{"at":"2026-07-04T14:23:42.716Z","level":"info","event":"dedupe_rule","action":"upsert_rejected","reason":"duplicate_url","id":"intel:145026|offer|2026-07-01","duplicateOf":"commit:145026|florida|2026-01-05","hash":"bc6c262d2ece05323f2f25f13ea6d67b7cbbada52045c83c974e66f7cb70c931","title":"DK Kalu — Offer · Florida"}
{"at":"2026-07-04T14:23:43.240Z","level":"info","event":"dedupe_rule","action":"upsert_rejected","reason":"duplicate_url","id":"intel:261593|unofficial_visit|2026-07-02","duplicateOf":"intel:261593|unofficial_visit|2026-07-03","hash":"dcc88c934f24a9d4ea6ada11ff3fc69d375ebb463a59435b242609918f21a9a0","title":"Bryce Willingham — Unofficial Visit"}
{"at":"2026-07-04T14:23:43.251Z","level":"info","event":"dedupe_rule","action":"upsert_rejected","reason":"duplicate_url","id":"intel:261593|unofficial_visit|2026-07-02","duplicateOf":"intel:261593|unofficial_visit|2026-07-03","hash":"dcc88c934f24a9d4ea6ada11ff3fc69d375ebb463a59435b242609918f21a9a0","title":"Bryce Willingham — Unofficial Visit"}
{"at":"2026-07-04T14:26:46.411Z","level":"info","event":"dedupe_rule","action":"upsert_rejected","reason":"duplicate_url","id":"intel:250285|target_update|2026-06-29","duplicateOf":"intel:250285|official_visit|2026-07-01","hash":"117046ac2a5dbbdff625396534e9f8b8757e7cac42a19a1cb5536ba847620732","title":"Marquis Evans — Recruiting intel"}
{"at":"2026-07-04T14:26:46.422Z","level":"info","event":"dedupe_rule","action":"upsert_rejected","reason":"duplicate_url","id":"intel:250285|target_update|2026-06-29","duplicateOf":"intel:250285|official_visit|2026-07-01","hash":"62dc0b7c2e548d1db6629074f22619263a9d4e5239265f00649a73b78349950b","title":"Marquis Evans — intel"}
{"at":"2026-07-04T14:26:50.061Z","level":"info","event":"dedupe_rule","action":"upsert_rejected","reason":"duplicate_url","id":"intel:250285|target_update|2026-06-29","duplicateOf":"intel:250285|official_visit|2026-07-01","hash":"62dc0b7c2e548d1db6629074f22619263a9d4e5239265f00649a73b78349950b","title":"Marquis Evans — intel"}
{"at":"2026-07-04T14:26:50.316Z","level":"info","event":"dedupe_rule","action":"upsert_rejected","reason":"duplicate_url","id":"intel:phil-trautwein|target_update|2026-06-30","duplicateOf":"intel:39c09d7d-0df3-45a5-a3bb-1667aec1495f|target_update|2026-06-30","hash":"2a1475784ce59c2ddb9918139f00c41827e5e761ceeb6ce441c8d7a91c945ec3","title":"Phil Trautwein — Recruiting intel"}
{"at":"2026-07-04T14:26:50.901Z","level":"info","event":"dedupe_rule","action":"upsert_rejected","reason":"truncated_copy","id":"intel:259645|target_update|2026-07-01","title":"Joey Fleming — intel"}
{"at":"2026-07-04T14:26:52.751Z","level":"info","event":"dedupe_rule","action":"upsert_rejected","reason":"truncated_copy","id":"intel:259645|target_update|2026-07-01","title":"Joey Fleming — Recruiting intel"}
{"at":"2026-07-04T14:26:52.760Z","level":"info","event":"dedupe_rule","action":"upsert_rejected","reason":"truncated_copy","id":"intel:259645|target_update|2026-07-01","title":"Joey Fleming — intel"}
{"at":"2026-07-04T14:26:52.772Z","level":"info","event":"dedupe_rule","action":"upsert_rejected","reason":"truncated_copy","id":"intel:259645|target_update|2026-07-01","title":"Joey Fleming — Recruiting intel"}
{"at":"2026-07-04T14:26:52.784Z","level":"info","event":"dedupe_rule","action":"upsert_rejected","reason":"duplicate_url","id":"intel:145026|target_update|2026-07-01","duplicateOf":"commit:145026|florida|2026-01-05","hash":"15bd845902b53f63c32a0951e4934a028bbe080c6929c9063f7994f57cb764b9","title":"DK Kalu — intel"}
{"at":"2026-07-04T14:26:52.799Z","level":"info","event":"dedupe_rule","action":"upsert_rejected","reason":"truncated_copy","id":"intel:4f411850-c3cb-4225-b92c-979365d6bdd1|unofficial_visit|2026-07-02","title":"Ayden Woodruff — Unofficial Visit"}
{"at":"2026-07-04T14:26:53.106Z","level":"info","event":"dedupe_rule","action":"upsert_rejected","reason":"duplicate_url","id":"intel:244244|target_update|2026-07-01","duplicateOf":"commit:jackson-ballinger|florida|2026-02-24","hash":"ee97db926978f8e8c945a6bc2d64cc6fd3ded9dccd517f4c75474c0b81a7dc49","title":"Jackson Ballinger — Recruiting intel"}
{"at":"2026-07-04T14:26:53.116Z","level":"info","event":"dedupe_rule","action":"upsert_rejected","reason":"duplicate_url","id":"intel:145026|offer|2026-07-01","duplicateOf":"commit:145026|florida|2026-01-05","hash":"bc6c262d2ece05323f2f25f13ea6d67b7cbbada52045c83c974e66f7cb70c931","title":"DK Kalu — Offer · Florida"}
{"at":"2026-07-04T14:26:53.666Z","level":"info","event":"dedupe_rule","action":"upsert_rejected","reason":"duplicate_url","id":"intel:261593|unofficial_visit|2026-07-02","duplicateOf":"intel:261593|unofficial_visit|2026-07-03","hash":"dcc88c934f24a9d4ea6ada11ff3fc69d375ebb463a59435b242609918f21a9a0","title":"Bryce Willingham — Unofficial Visit"}
{"at":"2026-07-04T14:26:53.674Z","level":"info","event":"dedupe_rule","action":"upsert_rejected","reason":"duplicate_url","id":"intel:261593|unofficial_visit|2026-07-02","duplicateOf":"intel:261593|unofficial_visit|2026-07-03","hash":"dcc88c934f24a9d4ea6ada11ff3fc69d375ebb463a59435b242609918f21a9a0","title":"Bryce Willingham — Unofficial Visit"}
{"at":"2026-07-04T14:27:45.682Z","level":"info","event":"dedupe_rule","action":"upsert_rejected","reason":"duplicate_url","id":"gators-online_d046b2e5-baf0-4fc6-a42d-6bb713c855d7","duplicateOf":"gators-online_ecde34a6-2304-4467-ace8-837a4899448b","hash":"1fe1c83e6227b6bfed4af3cde5defa35f4a8891dda8f80ccab846d1be4d1f733","title":"New episode: Gators Online Podcast — Ep. 190: Takeaways from Florida&apos;s roster in CFB 27 | Gators Online Show"}
{"at":"2026-07-04T14:29:52.349Z","level":"info","event":"dedupe_rule","action":"upsert_rejected","reason":"duplicate_url","id":"intel:250285|target_update|2026-06-29","duplicateOf":"intel:250285|official_visit|2026-07-01","hash":"117046ac2a5dbbdff625396534e9f8b8757e7cac42a19a1cb5536ba847620732","title":"Marquis Evans — Recruiting intel"}
{"at":"2026-07-04T14:29:52.365Z","level":"info","event":"dedupe_rule","action":"upsert_rejected","reason":"duplicate_url","id":"intel:250285|target_update|2026-06-29","duplicateOf":"intel:250285|official_visit|2026-07-01","hash":"62dc0b7c2e548d1db6629074f22619263a9d4e5239265f00649a73b78349950b","title":"Marquis Evans — intel"}
{"at":"2026-07-04T14:29:58.430Z","level":"info","event":"dedupe_rule","action":"upsert_rejected","reason":"duplicate_url","id":"intel:250285|target_update|2026-06-29","duplicateOf":"intel:250285|official_visit|2026-07-01","hash":"62dc0b7c2e548d1db6629074f22619263a9d4e5239265f00649a73b78349950b","title":"Marquis Evans — intel"}
{"at":"2026-07-04T14:29:58.929Z","level":"info","event":"dedupe_rule","action":"upsert_rejected","reason":"duplicate_url","id":"intel:phil-trautwein|target_update|2026-06-30","duplicateOf":"intel:39c09d7d-0df3-45a5-a3bb-1667aec1495f|target_update|2026-06-30","hash":"2a1475784ce59c2ddb9918139f00c41827e5e761ceeb6ce441c8d7a91c945ec3","title":"Phil Trautwein — Recruiting intel"}
{"at":"2026-07-04T14:29:59.771Z","level":"info","event":"dedupe_rule","action":"upsert_rejected","reason":"truncated_copy","id":"intel:259645|target_update|2026-07-01","title":"Joey Fleming — intel"}
{"at":"2026-07-04T14:30:02.193Z","level":"info","event":"dedupe_rule","action":"upsert_rejected","reason":"truncated_copy","id":"intel:259645|target_update|2026-07-01","title":"Joey Fleming — Recruiting intel"}
{"at":"2026-07-04T14:30:02.202Z","level":"info","event":"dedupe_rule","action":"upsert_rejected","reason":"truncated_copy","id":"intel:259645|target_update|2026-07-01","title":"Joey Fleming — intel"}
{"at":"2026-07-04T14:30:02.213Z","level":"info","event":"dedupe_rule","action":"upsert_rejected","reason":"truncated_copy","id":"intel:259645|target_update|2026-07-01","title":"Joey Fleming — Recruiting intel"}
{"at":"2026-07-04T14:30:02.225Z","level":"info","event":"dedupe_rule","action":"upsert_rejected","reason":"duplicate_url","id":"intel:145026|target_update|2026-07-01","duplicateOf":"commit:145026|florida|2026-01-05","hash":"15bd845902b53f63c32a0951e4934a028bbe080c6929c9063f7994f57cb764b9","title":"DK Kalu — intel"}
{"at":"2026-07-04T14:30:02.234Z","level":"info","event":"dedupe_rule","action":"upsert_rejected","reason":"truncated_copy","id":"intel:4f411850-c3cb-4225-b92c-979365d6bdd1|unofficial_visit|2026-07-02","title":"Ayden Woodruff — Unofficial Visit"}
{"at":"2026-07-04T14:30:02.622Z","level":"info","event":"dedupe_rule","action":"upsert_rejected","reason":"duplicate_url","id":"intel:244244|target_update|2026-07-01","duplicateOf":"commit:jackson-ballinger|florida|2026-02-24","hash":"ee97db926978f8e8c945a6bc2d64cc6fd3ded9dccd517f4c75474c0b81a7dc49","title":"Jackson Ballinger — Recruiting intel"}
{"at":"2026-07-04T14:30:02.637Z","level":"info","event":"dedupe_rule","action":"upsert_rejected","reason":"duplicate_url","id":"intel:145026|offer|2026-07-01","duplicateOf":"commit:145026|florida|2026-01-05","hash":"bc6c262d2ece05323f2f25f13ea6d67b7cbbada52045c83c974e66f7cb70c931","title":"DK Kalu — Offer · Florida"}
{"at":"2026-07-04T14:30:03.385Z","level":"info","event":"dedupe_rule","action":"upsert_rejected","reason":"duplicate_url","id":"intel:261593|unofficial_visit|2026-07-02","duplicateOf":"intel:261593|unofficial_visit|2026-07-03","hash":"dcc88c934f24a9d4ea6ada11ff3fc69d375ebb463a59435b242609918f21a9a0","title":"Bryce Willingham — Unofficial Visit"}
{"at":"2026-07-04T14:30:03.392Z","level":"info","event":"dedupe_rule","action":"upsert_rejected","reason":"duplicate_url","id":"intel:261593|unofficial_visit|2026-07-02","duplicateOf":"intel:261593|unofficial_visit|2026-07-03","hash":"dcc88c934f24a9d4ea6ada11ff3fc69d375ebb463a59435b242609918f21a9a0","title":"Bryce Willingham — Unofficial Visit"}
{"at":"2026-07-04T14:31:11.247Z","level":"info","event":"dedupe_rule","action":"upsert_rejected","reason":"duplicate_url","id":"gators-online_d046b2e5-baf0-4fc6-a42d-6bb713c855d7","duplicateOf":"gators-online_ecde34a6-2304-4467-ace8-837a4899448b","hash":"1fe1c83e6227b6bfed4af3cde5defa35f4a8891dda8f80ccab846d1be4d1f733","title":"New episode: Gators Online Podcast — Ep. 190: Takeaways from Florida&apos;s roster in CFB 27 | Gators Online Show"}
{"at":"2026-07-04T14:32:57.656Z","level":"info","event":"dedupe_rule","action":"upsert_rejected","reason":"duplicate_url","id":"intel:250285|target_update|2026-06-29","duplicateOf":"intel:250285|official_visit|2026-07-01","hash":"117046ac2a5dbbdff625396534e9f8b8757e7cac42a19a1cb5536ba847620732","title":"Marquis Evans — Recruiting intel"}
{"at":"2026-07-04T14:32:57.672Z","level":"info","event":"dedupe_rule","action":"upsert_rejected","reason":"duplicate_url","id":"intel:250285|target_update|2026-06-29","duplicateOf":"intel:250285|official_visit|2026-07-01","hash":"62dc0b7c2e548d1db6629074f22619263a9d4e5239265f00649a73b78349950b","title":"Marquis Evans — intel"}
{"at":"2026-07-04T14:33:01.921Z","level":"info","event":"dedupe_rule","action":"upsert_rejected","reason":"duplicate_url","id":"intel:250285|target_update|2026-06-29","duplicateOf":"intel:250285|official_visit|2026-07-01","hash":"62dc0b7c2e548d1db6629074f22619263a9d4e5239265f00649a73b78349950b","title":"Marquis Evans — intel"}
{"at":"2026-07-04T14:33:02.259Z","level":"info","event":"dedupe_rule","action":"upsert_rejected","reason":"duplicate_url","id":"intel:phil-trautwein|target_update|2026-06-30","duplicateOf":"intel:39c09d7d-0df3-45a5-a3bb-1667aec1495f|target_update|2026-06-30","hash":"2a1475784ce59c2ddb9918139f00c41827e5e761ceeb6ce441c8d7a91c945ec3","title":"Phil Trautwein — Recruiting intel"}
{"at":"2026-07-04T14:33:02.852Z","level":"info","event":"dedupe_rule","action":"upsert_rejected","reason":"truncated_copy","id":"intel:259645|target_update|2026-07-01","title":"Joey Fleming — intel"}
{"at":"2026-07-04T14:33:04.683Z","level":"info","event":"dedupe_rule","action":"upsert_rejected","reason":"truncated_copy","id":"intel:259645|target_update|2026-07-01","title":"Joey Fleming — Recruiting intel"}
{"at":"2026-07-04T14:33:04.696Z","level":"info","event":"dedupe_rule","action":"upsert_rejected","reason":"truncated_copy","id":"intel:259645|target_update|2026-07-01","title":"Joey Fleming — intel"}
{"at":"2026-07-04T14:33:04.705Z","level":"info","event":"dedupe_rule","action":"upsert_rejected","reason":"truncated_copy","id":"intel:259645|target_update|2026-07-01","title":"Joey Fleming — Recruiting intel"}
{"at":"2026-07-04T14:33:04.717Z","level":"info","event":"dedupe_rule","action":"upsert_rejected","reason":"duplicate_url","id":"intel:145026|target_update|2026-07-01","duplicateOf":"commit:145026|florida|2026-01-05","hash":"15bd845902b53f63c32a0951e4934a028bbe080c6929c9063f7994f57cb764b9","title":"DK Kalu — intel"}
{"at":"2026-07-04T14:33:04.727Z","level":"info","event":"dedupe_rule","action":"upsert_rejected","reason":"truncated_copy","id":"intel:4f411850-c3cb-4225-b92c-979365d6bdd1|unofficial_visit|2026-07-02","title":"Ayden Woodruff — Unofficial Visit"}
{"at":"2026-07-04T14:33:05.075Z","level":"info","event":"dedupe_rule","action":"upsert_rejected","reason":"duplicate_url","id":"intel:244244|target_update|2026-07-01","duplicateOf":"commit:jackson-ballinger|florida|2026-02-24","hash":"ee97db926978f8e8c945a6bc2d64cc6fd3ded9dccd517f4c75474c0b81a7dc49","title":"Jackson Ballinger — Recruiting intel"}
{"at":"2026-07-04T14:33:05.089Z","level":"info","event":"dedupe_rule","action":"upsert_rejected","reason":"duplicate_url","id":"intel:145026|offer|2026-07-01","duplicateOf":"commit:145026|florida|2026-01-05","hash":"bc6c262d2ece05323f2f25f13ea6d67b7cbbada52045c83c974e66f7cb70c931","title":"DK Kalu — Offer · Florida"}
{"at":"2026-07-04T14:33:05.821Z","level":"info","event":"dedupe_rule","action":"upsert_rejected","reason":"duplicate_url","id":"intel:261593|unofficial_visit|2026-07-02","duplicateOf":"intel:261593|unofficial_visit|2026-07-03","hash":"dcc88c934f24a9d4ea6ada11ff3fc69d375ebb463a59435b242609918f21a9a0","title":"Bryce Willingham — Unofficial Visit"}
{"at":"2026-07-04T14:33:05.832Z","level":"info","event":"dedupe_rule","action":"upsert_rejected","reason":"duplicate_url","id":"intel:261593|unofficial_visit|2026-07-02","duplicateOf":"intel:261593|unofficial_visit|2026-07-03","hash":"dcc88c934f24a9d4ea6ada11ff3fc69d375ebb463a59435b242609918f21a9a0","title":"Bryce Willingham — Unofficial Visit"}
{"at":"2026-07-04T14:34:31.445Z","level":"info","event":"dedupe_rule","action":"upsert_rejected","reason":"duplicate_url","id":"gators-online_d046b2e5-baf0-4fc6-a42d-6bb713c855d7","duplicateOf":"gators-online_ecde34a6-2304-4467-ace8-837a4899448b","hash":"1fe1c83e6227b6bfed4af3cde5defa35f4a8891dda8f80ccab846d1be4d1f733","title":"New episode: Gators Online Podcast — Ep. 190: Takeaways from Florida&apos;s roster in CFB 27 | Gators Online Show"}
{"at":"2026-07-04T14:35:27.760Z","level":"info","event":"dedupe_rule","action":"upsert_rejected","reason":"duplicate_url","id":"intel:243619|target_update|2026-07-04","duplicateOf":"commit:javarii-luckas|florida|","hash":"39c3a54905c701ce4d050c6db952b56b58a66ec7fcee70d0c5aa468b41e1bc9e","title":"Javarii Luckas — intel"}
{"at":"2026-07-04T14:35:27.768Z","level":"info","event":"dedupe_rule","action":"upsert_rejected","reason":"duplicate_url","id":"intel:260787|target_update|2026-07-04","duplicateOf":"commit:eric-parks|florida|2026-02-05","hash":"8208c24c9a4617c943c0b02a1e138e58e44f5e048b6793139d96ba40b68bf509","title":"Eric Parks — intel"}
{"at":"2026-07-04T14:35:27.775Z","level":"info","event":"dedupe_rule","action":"upsert_rejected","reason":"duplicate_url","id":"intel:284115|target_update|2026-07-04","duplicateOf":"commit:armani-strong|florida|","hash":"f2f83cf1adffb6d6f22adea7078c1c2342ccb76d8a9cc03727451f4cb83d5354","title":"Armani Strong — intel"}
{"at":"2026-07-04T14:35:42.448Z","level":"info","event":"dedupe_rule","action":"upsert_rejected","reason":"duplicate_url","id":"intel:250285|target_update|2026-06-29","duplicateOf":"intel:250285|official_visit|2026-07-01","hash":"117046ac2a5dbbdff625396534e9f8b8757e7cac42a19a1cb5536ba847620732","title":"Marquis Evans — Recruiting intel"}
{"at":"2026-07-04T14:35:42.456Z","level":"info","event":"dedupe_rule","action":"upsert_rejected","reason":"duplicate_url","id":"intel:250285|target_update|2026-06-29","duplicateOf":"intel:250285|official_visit|2026-07-01","hash":"62dc0b7c2e548d1db6629074f22619263a9d4e5239265f00649a73b78349950b","title":"Marquis Evans — intel"}
{"at":"2026-07-04T14:35:45.888Z","level":"info","event":"dedupe_rule","action":"upsert_rejected","reason":"duplicate_url","id":"intel:250285|target_update|2026-06-29","duplicateOf":"intel:250285|official_visit|2026-07-01","hash":"62dc0b7c2e548d1db6629074f22619263a9d4e5239265f00649a73b78349950b","title":"Marquis Evans — intel"}
{"at":"2026-07-04T14:35:46.136Z","level":"info","event":"dedupe_rule","action":"upsert_rejected","reason":"duplicate_url","id":"intel:phil-trautwein|target_update|2026-06-30","duplicateOf":"intel:39c09d7d-0df3-45a5-a3bb-1667aec1495f|target_update|2026-06-30","hash":"2a1475784ce59c2ddb9918139f00c41827e5e761ceeb6ce441c8d7a91c945ec3","title":"Phil Trautwein — Recruiting intel"}
{"at":"2026-07-04T14:35:46.615Z","level":"info","event":"dedupe_rule","action":"upsert_rejected","reason":"truncated_copy","id":"intel:259645|target_update|2026-07-01","title":"Joey Fleming — intel"}
{"at":"2026-07-04T14:35:48.064Z","level":"info","event":"dedupe_rule","action":"upsert_rejected","reason":"truncated_copy","id":"intel:259645|target_update|2026-07-01","title":"Joey Fleming — Recruiting intel"}
{"at":"2026-07-04T14:35:48.069Z","level":"info","event":"dedupe_rule","action":"upsert_rejected","reason":"truncated_copy","id":"intel:259645|target_update|2026-07-01","title":"Joey Fleming — intel"}
{"at":"2026-07-04T14:35:48.075Z","level":"info","event":"dedupe_rule","action":"upsert_rejected","reason":"truncated_copy","id":"intel:259645|target_update|2026-07-01","title":"Joey Fleming — Recruiting intel"}
{"at":"2026-07-04T14:35:48.083Z","level":"info","event":"dedupe_rule","action":"upsert_rejected","reason":"duplicate_url","id":"intel:145026|target_update|2026-07-01","duplicateOf":"commit:145026|florida|2026-01-05","hash":"15bd845902b53f63c32a0951e4934a028bbe080c6929c9063f7994f57cb764b9","title":"DK Kalu — intel"}
{"at":"2026-07-04T14:35:48.089Z","level":"info","event":"dedupe_rule","action":"upsert_rejected","reason":"truncated_copy","id":"intel:4f411850-c3cb-4225-b92c-979365d6bdd1|unofficial_visit|2026-07-02","title":"Ayden Woodruff — Unofficial Visit"}
{"at":"2026-07-04T14:35:48.335Z","level":"info","event":"dedupe_rule","action":"upsert_rejected","reason":"duplicate_url","id":"intel:244244|target_update|2026-07-01","duplicateOf":"commit:jackson-ballinger|florida|2026-02-24","hash":"ee97db926978f8e8c945a6bc2d64cc6fd3ded9dccd517f4c75474c0b81a7dc49","title":"Jackson Ballinger — Recruiting intel"}
{"at":"2026-07-04T14:35:48.345Z","level":"info","event":"dedupe_rule","action":"upsert_rejected","reason":"duplicate_url","id":"intel:145026|offer|2026-07-01","duplicateOf":"commit:145026|florida|2026-01-05","hash":"bc6c262d2ece05323f2f25f13ea6d67b7cbbada52045c83c974e66f7cb70c931","title":"DK Kalu — Offer · Florida"}
{"at":"2026-07-04T14:37:56.387Z","level":"info","event":"dedupe_rule","action":"upsert_rejected","reason":"duplicate_url","id":"gators-online_d046b2e5-baf0-4fc6-a42d-6bb713c855d7","duplicateOf":"gators-online_ecde34a6-2304-4467-ace8-837a4899448b","hash":"1fe1c83e6227b6bfed4af3cde5defa35f4a8891dda8f80ccab846d1be4d1f733","title":"New episode: Gators Online Podcast — Ep. 190: Takeaways from Florida&apos;s roster in CFB 27 | Gators Online Show"}
{"at":"2026-07-04T14:38:33.466Z","level":"info","event":"dedupe_rule","action":"upsert_rejected","reason":"duplicate_url","id":"intel:236347|target_update|2026-07-04","duplicateOf":"commit:desmond-green|florida|","hash":"35f12164bb9cb685fdc3ae9007e0f48a3d99468bf0c5bcb44da35021d946b5e3","title":"Desmond Green — intel"}
{"at":"2026-07-04T14:38:33.477Z","level":"info","event":"dedupe_rule","action":"upsert_rejected","reason":"duplicate_url","id":"intel:243619|target_update|2026-07-04","duplicateOf":"commit:javarii-luckas|florida|","hash":"39c3a54905c701ce4d050c6db952b56b58a66ec7fcee70d0c5aa468b41e1bc9e","title":"Javarii Luckas — intel"}
{"at":"2026-07-04T14:38:33.485Z","level":"info","event":"dedupe_rule","action":"upsert_rejected","reason":"duplicate_url","id":"intel:260787|target_update|2026-07-04","duplicateOf":"commit:eric-parks|florida|2026-02-05","hash":"8208c24c9a4617c943c0b02a1e138e58e44f5e048b6793139d96ba40b68bf509","title":"Eric Parks — intel"}
{"at":"2026-07-04T14:38:33.495Z","level":"info","event":"dedupe_rule","action":"upsert_rejected","reason":"duplicate_url","id":"intel:284115|target_update|2026-07-04","duplicateOf":"commit:armani-strong|florida|","hash":"f2f83cf1adffb6d6f22adea7078c1c2342ccb76d8a9cc03727451f4cb83d5354","title":"Armani Strong — intel"}
{"at":"2026-07-04T14:38:52.860Z","level":"info","event":"dedupe_rule","action":"upsert_rejected","reason":"duplicate_url","id":"intel:250285|target_update|2026-06-29","duplicateOf":"intel:250285|official_visit|2026-07-01","hash":"117046ac2a5dbbdff625396534e9f8b8757e7cac42a19a1cb5536ba847620732","title":"Marquis Evans — Recruiting intel"}
{"at":"2026-07-04T14:38:52.872Z","level":"info","event":"dedupe_rule","action":"upsert_rejected","reason":"duplicate_url","id":"intel:250285|target_update|2026-06-29","duplicateOf":"intel:250285|official_visit|2026-07-01","hash":"62dc0b7c2e548d1db6629074f22619263a9d4e5239265f00649a73b78349950b","title":"Marquis Evans — intel"}
{"at":"2026-07-04T14:39:00.022Z","level":"info","event":"dedupe_rule","action":"upsert_rejected","reason":"duplicate_url","id":"intel:250285|target_update|2026-06-29","duplicateOf":"intel:250285|official_visit|2026-07-01","hash":"62dc0b7c2e548d1db6629074f22619263a9d4e5239265f00649a73b78349950b","title":"Marquis Evans — intel"}
{"at":"2026-07-04T14:39:00.477Z","level":"info","event":"dedupe_rule","action":"upsert_rejected","reason":"duplicate_url","id":"intel:phil-trautwein|target_update|2026-06-30","duplicateOf":"intel:39c09d7d-0df3-45a5-a3bb-1667aec1495f|target_update|2026-06-30","hash":"2a1475784ce59c2ddb9918139f00c41827e5e761ceeb6ce441c8d7a91c945ec3","title":"Phil Trautwein — Recruiting intel"}
{"at":"2026-07-04T14:39:01.253Z","level":"info","event":"dedupe_rule","action":"upsert_rejected","reason":"truncated_copy","id":"intel:259645|target_update|2026-07-01","title":"Joey Fleming — intel"}
{"at":"2026-07-04T14:39:03.401Z","level":"info","event":"dedupe_rule","action":"upsert_rejected","reason":"truncated_copy","id":"intel:259645|target_update|2026-07-01","title":"Joey Fleming — Recruiting intel"}
{"at":"2026-07-04T14:39:03.412Z","level":"info","event":"dedupe_rule","action":"upsert_rejected","reason":"truncated_copy","id":"intel:259645|target_update|2026-07-01","title":"Joey Fleming — intel"}
{"at":"2026-07-04T14:39:03.421Z","level":"info","event":"dedupe_rule","action":"upsert_rejected","reason":"truncated_copy","id":"intel:259645|target_update|2026-07-01","title":"Joey Fleming — Recruiting intel"}
{"at":"2026-07-04T14:39:03.433Z","level":"info","event":"dedupe_rule","action":"upsert_rejected","reason":"duplicate_url","id":"intel:145026|target_update|2026-07-01","duplicateOf":"commit:145026|florida|2026-01-05","hash":"15bd845902b53f63c32a0951e4934a028bbe080c6929c9063f7994f57cb764b9","title":"DK Kalu — intel"}
{"at":"2026-07-04T14:39:03.446Z","level":"info","event":"dedupe_rule","action":"upsert_rejected","reason":"truncated_copy","id":"intel:4f411850-c3cb-4225-b92c-979365d6bdd1|unofficial_visit|2026-07-02","title":"Ayden Woodruff — Unofficial Visit"}
{"at":"2026-07-04T14:39:03.786Z","level":"info","event":"dedupe_rule","action":"upsert_rejected","reason":"duplicate_url","id":"intel:244244|target_update|2026-07-01","duplicateOf":"commit:jackson-ballinger|florida|2026-02-24","hash":"ee97db926978f8e8c945a6bc2d64cc6fd3ded9dccd517f4c75474c0b81a7dc49","title":"Jackson Ballinger — Recruiting intel"}
{"at":"2026-07-04T14:40:59.672Z","level":"info","event":"dedupe_rule","action":"upsert_rejected","reason":"duplicate_url","id":"gators-online_d046b2e5-baf0-4fc6-a42d-6bb713c855d7","duplicateOf":"gators-online_ecde34a6-2304-4467-ace8-837a4899448b","hash":"1fe1c83e6227b6bfed4af3cde5defa35f4a8891dda8f80ccab846d1be4d1f733","title":"New episode: Gators Online Podcast — Ep. 190: Takeaways from Florida&apos;s roster in CFB 27 | Gators Online Show"}
{"at":"2026-07-04T14:41:30.751Z","level":"info","event":"dedupe_rule","action":"upsert_rejected","reason":"duplicate_url","id":"intel:179743|target_update|2026-07-04","duplicateOf":"commit:chancellor-campbell|florida|2025-06-08","hash":"10d3671abee4a9fc6130ba2f40f885e4351773e86ad8953af61442990fb535f2","title":"Chancellor Campbell — intel"}
{"at":"2026-07-04T14:41:30.762Z","level":"info","event":"dedupe_rule","action":"upsert_rejected","reason":"duplicate_url","id":"intel:236347|target_update|2026-07-04","duplicateOf":"commit:desmond-green|florida|2025-06-26","hash":"35f12164bb9cb685fdc3ae9007e0f48a3d99468bf0c5bcb44da35021d946b5e3","title":"Desmond Green — intel"}
{"at":"2026-07-04T14:41:30.773Z","level":"info","event":"dedupe_rule","action":"upsert_rejected","reason":"duplicate_url","id":"intel:243619|target_update|2026-07-04","duplicateOf":"commit:javarii-luckas|florida|2025-06-16","hash":"39c3a54905c701ce4d050c6db952b56b58a66ec7fcee70d0c5aa468b41e1bc9e","title":"Javarii Luckas — intel"}
{"at":"2026-07-04T14:41:30.783Z","level":"info","event":"dedupe_rule","action":"upsert_rejected","reason":"duplicate_url","id":"intel:260787|target_update|2026-07-04","duplicateOf":"commit:eric-parks|florida|2026-02-05","hash":"8208c24c9a4617c943c0b02a1e138e58e44f5e048b6793139d96ba40b68bf509","title":"Eric Parks — intel"}
{"at":"2026-07-04T14:41:30.791Z","level":"info","event":"dedupe_rule","action":"upsert_rejected","reason":"duplicate_url","id":"intel:284115|target_update|2026-07-04","duplicateOf":"commit:armani-strong|florida|","hash":"f2f83cf1adffb6d6f22adea7078c1c2342ccb76d8a9cc03727451f4cb83d5354","title":"Armani Strong — intel"}
{"at":"2026-07-04T14:41:58.318Z","level":"info","event":"dedupe_rule","action":"upsert_rejected","reason":"duplicate_url","id":"intel:250285|target_update|2026-06-29","duplicateOf":"intel:250285|official_visit|2026-07-01","hash":"117046ac2a5dbbdff625396534e9f8b8757e7cac42a19a1cb5536ba847620732","title":"Marquis Evans — Recruiting intel"}
{"at":"2026-07-04T14:41:58.331Z","level":"info","event":"dedupe_rule","action":"upsert_rejected","reason":"duplicate_url","id":"intel:250285|target_update|2026-06-29","duplicateOf":"intel:250285|official_visit|2026-07-01","hash":"62dc0b7c2e548d1db6629074f22619263a9d4e5239265f00649a73b78349950b","title":"Marquis Evans — intel"}
{"at":"2026-07-04T14:42:04.705Z","level":"info","event":"dedupe_rule","action":"upsert_rejected","reason":"duplicate_url","id":"intel:250285|target_update|2026-06-29","duplicateOf":"intel:250285|official_visit|2026-07-01","hash":"62dc0b7c2e548d1db6629074f22619263a9d4e5239265f00649a73b78349950b","title":"Marquis Evans — intel"}
{"at":"2026-07-04T14:42:05.130Z","level":"info","event":"dedupe_rule","action":"upsert_rejected","reason":"duplicate_url","id":"intel:phil-trautwein|target_update|2026-06-30","duplicateOf":"intel:39c09d7d-0df3-45a5-a3bb-1667aec1495f|target_update|2026-06-30","hash":"2a1475784ce59c2ddb9918139f00c41827e5e761ceeb6ce441c8d7a91c945ec3","title":"Phil Trautwein — Recruiting intel"}
{"at":"2026-07-04T14:42:05.988Z","level":"info","event":"dedupe_rule","action":"upsert_rejected","reason":"truncated_copy","id":"intel:259645|target_update|2026-07-01","title":"Joey Fleming — intel"}
{"at":"2026-07-04T14:42:08.821Z","level":"info","event":"dedupe_rule","action":"upsert_rejected","reason":"truncated_copy","id":"intel:259645|target_update|2026-07-01","title":"Joey Fleming — Recruiting intel"}
{"at":"2026-07-04T14:42:08.834Z","level":"info","event":"dedupe_rule","action":"upsert_rejected","reason":"truncated_copy","id":"intel:259645|target_update|2026-07-01","title":"Joey Fleming — intel"}
{"at":"2026-07-04T14:42:08.846Z","level":"info","event":"dedupe_rule","action":"upsert_rejected","reason":"truncated_copy","id":"intel:259645|target_update|2026-07-01","title":"Joey Fleming — Recruiting intel"}
{"at":"2026-07-04T14:42:08.865Z","level":"info","event":"dedupe_rule","action":"upsert_rejected","reason":"duplicate_url","id":"intel:145026|target_update|2026-07-01","duplicateOf":"commit:145026|florida|2026-01-05","hash":"15bd845902b53f63c32a0951e4934a028bbe080c6929c9063f7994f57cb764b9","title":"DK Kalu — intel"}
{"at":"2026-07-04T14:42:08.879Z","level":"info","event":"dedupe_rule","action":"upsert_rejected","reason":"truncated_copy","id":"intel:4f411850-c3cb-4225-b92c-979365d6bdd1|unofficial_visit|2026-07-02","title":"Ayden Woodruff — Unofficial Visit"}
{"at":"2026-07-04T14:44:30.738Z","level":"info","event":"dedupe_rule","action":"upsert_rejected","reason":"duplicate_url","id":"intel:179743|target_update|2026-07-04","duplicateOf":"commit:chancellor-campbell|florida|2025-06-08","hash":"10d3671abee4a9fc6130ba2f40f885e4351773e86ad8953af61442990fb535f2","title":"Chancellor Campbell — intel"}
{"at":"2026-07-04T14:44:30.749Z","level":"info","event":"dedupe_rule","action":"upsert_rejected","reason":"duplicate_url","id":"intel:236347|target_update|2026-07-04","duplicateOf":"commit:desmond-green|florida|2025-06-26","hash":"35f12164bb9cb685fdc3ae9007e0f48a3d99468bf0c5bcb44da35021d946b5e3","title":"Desmond Green — intel"}
{"at":"2026-07-04T14:44:30.757Z","level":"info","event":"dedupe_rule","action":"upsert_rejected","reason":"duplicate_url","id":"intel:243619|target_update|2026-07-04","duplicateOf":"commit:javarii-luckas|florida|2025-06-16","hash":"39c3a54905c701ce4d050c6db952b56b58a66ec7fcee70d0c5aa468b41e1bc9e","title":"Javarii Luckas — intel"}
{"at":"2026-07-04T14:44:30.765Z","level":"info","event":"dedupe_rule","action":"upsert_rejected","reason":"duplicate_url","id":"intel:260787|target_update|2026-07-04","duplicateOf":"commit:eric-parks|florida|2026-02-05","hash":"8208c24c9a4617c943c0b02a1e138e58e44f5e048b6793139d96ba40b68bf509","title":"Eric Parks — intel"}
{"at":"2026-07-04T14:44:30.773Z","level":"info","event":"dedupe_rule","action":"upsert_rejected","reason":"duplicate_url","id":"intel:284115|target_update|2026-07-04","duplicateOf":"commit:armani-strong|florida|2026-06-28","hash":"f2f83cf1adffb6d6f22adea7078c1c2342ccb76d8a9cc03727451f4cb83d5354","title":"Armani Strong — intel"}
{"at":"2026-07-04T14:44:46.877Z","level":"info","event":"dedupe_rule","action":"upsert_rejected","reason":"duplicate_url","id":"intel:250285|target_update|2026-06-29","duplicateOf":"intel:250285|official_visit|2026-07-01","hash":"117046ac2a5dbbdff625396534e9f8b8757e7cac42a19a1cb5536ba847620732","title":"Marquis Evans — Recruiting intel"}
{"at":"2026-07-04T14:44:46.884Z","level":"info","event":"dedupe_rule","action":"upsert_rejected","reason":"duplicate_url","id":"intel:250285|target_update|2026-06-29","duplicateOf":"intel:250285|official_visit|2026-07-01","hash":"62dc0b7c2e548d1db6629074f22619263a9d4e5239265f00649a73b78349950b","title":"Marquis Evans — intel"}
{"at":"2026-07-04T14:44:50.684Z","level":"info","event":"dedupe_rule","action":"upsert_rejected","reason":"duplicate_url","id":"intel:250285|target_update|2026-06-29","duplicateOf":"intel:250285|official_visit|2026-07-01","hash":"62dc0b7c2e548d1db6629074f22619263a9d4e5239265f00649a73b78349950b","title":"Marquis Evans — intel"}
{"at":"2026-07-04T14:44:50.965Z","level":"info","event":"dedupe_rule","action":"upsert_rejected","reason":"duplicate_url","id":"intel:phil-trautwein|target_update|2026-06-30","duplicateOf":"intel:39c09d7d-0df3-45a5-a3bb-1667aec1495f|target_update|2026-06-30","hash":"2a1475784ce59c2ddb9918139f00c41827e5e761ceeb6ce441c8d7a91c945ec3","title":"Phil Trautwein — Recruiting intel"}
{"at":"2026-07-04T14:44:51.528Z","level":"info","event":"dedupe_rule","action":"upsert_rejected","reason":"truncated_copy","id":"intel:259645|target_update|2026-07-01","title":"Joey Fleming — intel"}
{"at":"2026-07-04T14:44:53.211Z","level":"info","event":"dedupe_rule","action":"upsert_rejected","reason":"truncated_copy","id":"intel:259645|target_update|2026-07-01","title":"Joey Fleming — Recruiting intel"}
{"at":"2026-07-04T14:44:53.218Z","level":"info","event":"dedupe_rule","action":"upsert_rejected","reason":"truncated_copy","id":"intel:259645|target_update|2026-07-01","title":"Joey Fleming — intel"}
{"at":"2026-07-04T14:44:53.224Z","level":"info","event":"dedupe_rule","action":"upsert_rejected","reason":"truncated_copy","id":"intel:259645|target_update|2026-07-01","title":"Joey Fleming — Recruiting intel"}
{"at":"2026-07-04T14:44:53.235Z","level":"info","event":"dedupe_rule","action":"upsert_rejected","reason":"duplicate_url","id":"intel:145026|target_update|2026-07-01","duplicateOf":"commit:145026|florida|2026-01-05","hash":"15bd845902b53f63c32a0951e4934a028bbe080c6929c9063f7994f57cb764b9","title":"DK Kalu — intel"}
{"at":"2026-07-04T14:44:53.242Z","level":"info","event":"dedupe_rule","action":"upsert_rejected","reason":"truncated_copy","id":"intel:4f411850-c3cb-4225-b92c-979365d6bdd1|unofficial_visit|2026-07-02","title":"Ayden Woodruff — Unofficial Visit"}
{"at":"2026-07-04T14:45:29.879Z","level":"info","event":"dedupe_rule","action":"upsert_rejected","reason":"duplicate_url","id":"gators-online_d046b2e5-baf0-4fc6-a42d-6bb713c855d7","duplicateOf":"gators-online_ecde34a6-2304-4467-ace8-837a4899448b","hash":"1fe1c83e6227b6bfed4af3cde5defa35f4a8891dda8f80ccab846d1be4d1f733","title":"New episode: Gators Online Podcast — Ep. 190: Takeaways from Florida&apos;s roster in CFB 27 | Gators Online Show"}
{"at":"2026-07-04T14:47:39.010Z","level":"info","event":"dedupe_rule","action":"upsert_rejected","reason":"duplicate_url","id":"intel:179743|target_update|2026-07-04","duplicateOf":"commit:chancellor-campbell|florida|2025-06-08","hash":"10d3671abee4a9fc6130ba2f40f885e4351773e86ad8953af61442990fb535f2","title":"Chancellor Campbell — intel"}
{"at":"2026-07-04T14:47:39.029Z","level":"info","event":"dedupe_rule","action":"upsert_rejected","reason":"duplicate_url","id":"intel:236347|target_update|2026-07-04","duplicateOf":"commit:desmond-green|florida|2025-06-26","hash":"35f12164bb9cb685fdc3ae9007e0f48a3d99468bf0c5bcb44da35021d946b5e3","title":"Desmond Green — intel"}
{"at":"2026-07-04T14:47:39.044Z","level":"info","event":"dedupe_rule","action":"upsert_rejected","reason":"duplicate_url","id":"intel:243619|target_update|2026-07-04","duplicateOf":"commit:javarii-luckas|florida|2025-06-16","hash":"39c3a54905c701ce4d050c6db952b56b58a66ec7fcee70d0c5aa468b41e1bc9e","title":"Javarii Luckas — intel"}
{"at":"2026-07-04T14:47:39.059Z","level":"info","event":"dedupe_rule","action":"upsert_rejected","reason":"duplicate_url","id":"intel:260787|target_update|2026-07-04","duplicateOf":"commit:eric-parks|florida|2026-02-05","hash":"8208c24c9a4617c943c0b02a1e138e58e44f5e048b6793139d96ba40b68bf509","title":"Eric Parks — intel"}
{"at":"2026-07-04T14:47:39.074Z","level":"info","event":"dedupe_rule","action":"upsert_rejected","reason":"duplicate_url","id":"intel:284115|target_update|2026-07-04","duplicateOf":"commit:armani-strong|florida|","hash":"f2f83cf1adffb6d6f22adea7078c1c2342ccb76d8a9cc03727451f4cb83d5354","title":"Armani Strong — intel"}
{"at":"2026-07-04T14:48:12.266Z","level":"info","event":"dedupe_rule","action":"upsert_rejected","reason":"duplicate_url","id":"intel:250285|target_update|2026-06-29","duplicateOf":"intel:250285|official_visit|2026-07-01","hash":"117046ac2a5dbbdff625396534e9f8b8757e7cac42a19a1cb5536ba847620732","title":"Marquis Evans — Recruiting intel"}
{"at":"2026-07-04T14:48:12.289Z","level":"info","event":"dedupe_rule","action":"upsert_rejected","reason":"duplicate_url","id":"intel:250285|target_update|2026-06-29","duplicateOf":"intel:250285|official_visit|2026-07-01","hash":"62dc0b7c2e548d1db6629074f22619263a9d4e5239265f00649a73b78349950b","title":"Marquis Evans — intel"}
{"at":"2026-07-04T14:48:18.064Z","level":"info","event":"dedupe_rule","action":"upsert_rejected","reason":"duplicate_url","id":"intel:250285|target_update|2026-06-29","duplicateOf":"intel:250285|official_visit|2026-07-01","hash":"62dc0b7c2e548d1db6629074f22619263a9d4e5239265f00649a73b78349950b","title":"Marquis Evans — intel"}
{"at":"2026-07-04T14:48:18.429Z","level":"info","event":"dedupe_rule","action":"upsert_rejected","reason":"duplicate_url","id":"intel:phil-trautwein|target_update|2026-06-30","duplicateOf":"intel:39c09d7d-0df3-45a5-a3bb-1667aec1495f|target_update|2026-06-30","hash":"2a1475784ce59c2ddb9918139f00c41827e5e761ceeb6ce441c8d7a91c945ec3","title":"Phil Trautwein — Recruiting intel"}
{"at":"2026-07-04T14:48:19.101Z","level":"info","event":"dedupe_rule","action":"upsert_rejected","reason":"truncated_copy","id":"intel:259645|target_update|2026-07-01","title":"Joey Fleming — intel"}
{"at":"2026-07-04T14:48:21.302Z","level":"info","event":"dedupe_rule","action":"upsert_rejected","reason":"truncated_copy","id":"intel:259645|target_update|2026-07-01","title":"Joey Fleming — Recruiting intel"}
{"at":"2026-07-04T14:48:21.310Z","level":"info","event":"dedupe_rule","action":"upsert_rejected","reason":"truncated_copy","id":"intel:259645|target_update|2026-07-01","title":"Joey Fleming — intel"}
{"at":"2026-07-04T14:48:21.321Z","level":"info","event":"dedupe_rule","action":"upsert_rejected","reason":"truncated_copy","id":"intel:259645|target_update|2026-07-01","title":"Joey Fleming — Recruiting intel"}
{"at":"2026-07-04T14:48:21.340Z","level":"info","event":"dedupe_rule","action":"upsert_rejected","reason":"duplicate_url","id":"intel:145026|target_update|2026-07-01","duplicateOf":"commit:145026|florida|2026-01-05","hash":"15bd845902b53f63c32a0951e4934a028bbe080c6929c9063f7994f57cb764b9","title":"DK Kalu — intel"}
{"at":"2026-07-04T14:48:21.351Z","level":"info","event":"dedupe_rule","action":"upsert_rejected","reason":"truncated_copy","id":"intel:4f411850-c3cb-4225-b92c-979365d6bdd1|unofficial_visit|2026-07-02","title":"Ayden Woodruff — Unofficial Visit"}
{"at":"2026-07-04T14:49:53.038Z","level":"info","event":"dedupe_rule","action":"upsert_rejected","reason":"duplicate_url","id":"gators-online_d046b2e5-baf0-4fc6-a42d-6bb713c855d7","duplicateOf":"gators-online_ecde34a6-2304-4467-ace8-837a4899448b","hash":"1fe1c83e6227b6bfed4af3cde5defa35f4a8891dda8f80ccab846d1be4d1f733","title":"New episode: Gators Online Podcast — Ep. 190: Takeaways from Florida&apos;s roster in CFB 27 | Gators Online Show"}
{"at":"2026-07-04T14:50:42.719Z","level":"info","event":"dedupe_rule","action":"upsert_rejected","reason":"duplicate_url","id":"intel:179743|target_update|2026-07-04","duplicateOf":"commit:chancellor-campbell|florida|2025-06-08","hash":"10d3671abee4a9fc6130ba2f40f885e4351773e86ad8953af61442990fb535f2","title":"Chancellor Campbell — intel"}
{"at":"2026-07-04T14:50:42.748Z","level":"info","event":"dedupe_rule","action":"upsert_rejected","reason":"duplicate_url","id":"intel:236347|target_update|2026-07-04","duplicateOf":"commit:desmond-green|florida|2025-06-26","hash":"35f12164bb9cb685fdc3ae9007e0f48a3d99468bf0c5bcb44da35021d946b5e3","title":"Desmond Green — intel"}
{"at":"2026-07-04T14:50:42.763Z","level":"info","event":"dedupe_rule","action":"upsert_rejected","reason":"duplicate_url","id":"intel:243619|target_update|2026-07-04","duplicateOf":"commit:javarii-luckas|florida|2025-06-16","hash":"39c3a54905c701ce4d050c6db952b56b58a66ec7fcee70d0c5aa468b41e1bc9e","title":"Javarii Luckas — intel"}
{"at":"2026-07-04T14:50:42.780Z","level":"info","event":"dedupe_rule","action":"upsert_rejected","reason":"duplicate_url","id":"intel:260787|target_update|2026-07-04","duplicateOf":"commit:eric-parks|florida|2026-02-05","hash":"8208c24c9a4617c943c0b02a1e138e58e44f5e048b6793139d96ba40b68bf509","title":"Eric Parks — intel"}
{"at":"2026-07-04T14:50:42.793Z","level":"info","event":"dedupe_rule","action":"upsert_rejected","reason":"duplicate_url","id":"intel:284115|target_update|2026-07-04","duplicateOf":"commit:armani-strong|florida|2026-06-28","hash":"f2f83cf1adffb6d6f22adea7078c1c2342ccb76d8a9cc03727451f4cb83d5354","title":"Armani Strong — intel"}
{"at":"2026-07-04T14:51:05.683Z","level":"info","event":"dedupe_rule","action":"upsert_rejected","reason":"duplicate_url","id":"intel:250285|target_update|2026-06-29","duplicateOf":"intel:250285|official_visit|2026-07-01","hash":"117046ac2a5dbbdff625396534e9f8b8757e7cac42a19a1cb5536ba847620732","title":"Marquis Evans — Recruiting intel"}
{"at":"2026-07-04T14:51:05.694Z","level":"info","event":"dedupe_rule","action":"upsert_rejected","reason":"duplicate_url","id":"intel:250285|target_update|2026-06-29","duplicateOf":"intel:250285|official_visit|2026-07-01","hash":"62dc0b7c2e548d1db6629074f22619263a9d4e5239265f00649a73b78349950b","title":"Marquis Evans — intel"}
{"at":"2026-07-04T14:51:10.328Z","level":"info","event":"dedupe_rule","action":"upsert_rejected","reason":"duplicate_url","id":"intel:250285|target_update|2026-06-29","duplicateOf":"intel:250285|official_visit|2026-07-01","hash":"62dc0b7c2e548d1db6629074f22619263a9d4e5239265f00649a73b78349950b","title":"Marquis Evans — intel"}
{"at":"2026-07-04T14:51:10.719Z","level":"info","event":"dedupe_rule","action":"upsert_rejected","reason":"duplicate_url","id":"intel:phil-trautwein|target_update|2026-06-30","duplicateOf":"intel:39c09d7d-0df3-45a5-a3bb-1667aec1495f|target_update|2026-06-30","hash":"2a1475784ce59c2ddb9918139f00c41827e5e761ceeb6ce441c8d7a91c945ec3","title":"Phil Trautwein — Recruiting intel"}
{"at":"2026-07-04T14:51:11.388Z","level":"info","event":"dedupe_rule","action":"upsert_rejected","reason":"truncated_copy","id":"intel:259645|target_update|2026-07-01","title":"Joey Fleming — intel"}
{"at":"2026-07-04T14:51:13.260Z","level":"info","event":"dedupe_rule","action":"upsert_rejected","reason":"truncated_copy","id":"intel:259645|target_update|2026-07-01","title":"Joey Fleming — Recruiting intel"}
{"at":"2026-07-04T14:51:13.271Z","level":"info","event":"dedupe_rule","action":"upsert_rejected","reason":"truncated_copy","id":"intel:259645|target_update|2026-07-01","title":"Joey Fleming — intel"}
{"at":"2026-07-04T14:51:13.281Z","level":"info","event":"dedupe_rule","action":"upsert_rejected","reason":"truncated_copy","id":"intel:259645|target_update|2026-07-01","title":"Joey Fleming — Recruiting intel"}
{"at":"2026-07-04T14:51:13.293Z","level":"info","event":"dedupe_rule","action":"upsert_rejected","reason":"duplicate_url","id":"intel:145026|target_update|2026-07-01","duplicateOf":"commit:145026|florida|2026-01-05","hash":"15bd845902b53f63c32a0951e4934a028bbe080c6929c9063f7994f57cb764b9","title":"DK Kalu — intel"}
{"at":"2026-07-04T14:51:13.306Z","level":"info","event":"dedupe_rule","action":"upsert_rejected","reason":"truncated_copy","id":"intel:4f411850-c3cb-4225-b92c-979365d6bdd1|unofficial_visit|2026-07-02","title":"Ayden Woodruff — Unofficial Visit"}
{"at":"2026-07-04T14:53:00.329Z","level":"info","event":"dedupe_rule","action":"upsert_rejected","reason":"duplicate_url","id":"gators-online_d046b2e5-baf0-4fc6-a42d-6bb713c855d7","duplicateOf":"gators-online_ecde34a6-2304-4467-ace8-837a4899448b","hash":"1fe1c83e6227b6bfed4af3cde5defa35f4a8891dda8f80ccab846d1be4d1f733","title":"New episode: Gators Online Podcast — Ep. 190: Takeaways from Florida&apos;s roster in CFB 27 | Gators Online Show"}
{"at":"2026-07-04T14:53:37.224Z","level":"info","event":"dedupe_rule","action":"upsert_rejected","reason":"duplicate_url","id":"intel:179743|target_update|2026-07-04","duplicateOf":"commit:chancellor-campbell|florida|2025-06-08","hash":"10d3671abee4a9fc6130ba2f40f885e4351773e86ad8953af61442990fb535f2","title":"Chancellor Campbell — intel"}
{"at":"2026-07-04T14:53:37.238Z","level":"info","event":"dedupe_rule","action":"upsert_rejected","reason":"duplicate_url","id":"intel:236347|target_update|2026-07-04","duplicateOf":"commit:desmond-green|florida|2025-06-26","hash":"35f12164bb9cb685fdc3ae9007e0f48a3d99468bf0c5bcb44da35021d946b5e3","title":"Desmond Green — intel"}
{"at":"2026-07-04T14:53:37.247Z","level":"info","event":"dedupe_rule","action":"upsert_rejected","reason":"duplicate_url","id":"intel:243619|target_update|2026-07-04","duplicateOf":"commit:javarii-luckas|florida|2025-06-16","hash":"39c3a54905c701ce4d050c6db952b56b58a66ec7fcee70d0c5aa468b41e1bc9e","title":"Javarii Luckas — intel"}
{"at":"2026-07-04T14:53:37.260Z","level":"info","event":"dedupe_rule","action":"upsert_rejected","reason":"duplicate_url","id":"intel:260787|target_update|2026-07-04","duplicateOf":"commit:eric-parks|florida|2026-02-05","hash":"8208c24c9a4617c943c0b02a1e138e58e44f5e048b6793139d96ba40b68bf509","title":"Eric Parks — intel"}
{"at":"2026-07-04T14:53:37.269Z","level":"info","event":"dedupe_rule","action":"upsert_rejected","reason":"duplicate_url","id":"intel:284115|target_update|2026-07-04","duplicateOf":"commit:armani-strong|florida|","hash":"f2f83cf1adffb6d6f22adea7078c1c2342ccb76d8a9cc03727451f4cb83d5354","title":"Armani Strong — intel"}
{"at":"2026-07-04T14:53:57.560Z","level":"info","event":"dedupe_rule","action":"upsert_rejected","reason":"duplicate_url","id":"intel:250285|target_update|2026-06-29","duplicateOf":"intel:250285|official_visit|2026-07-01","hash":"117046ac2a5dbbdff625396534e9f8b8757e7cac42a19a1cb5536ba847620732","title":"Marquis Evans — Recruiting intel"}
{"at":"2026-07-04T14:53:57.571Z","level":"info","event":"dedupe_rule","action":"upsert_rejected","reason":"duplicate_url","id":"intel:250285|target_update|2026-06-29","duplicateOf":"intel:250285|official_visit|2026-07-01","hash":"62dc0b7c2e548d1db6629074f22619263a9d4e5239265f00649a73b78349950b","title":"Marquis Evans — intel"}
{"at":"2026-07-04T14:54:02.640Z","level":"info","event":"dedupe_rule","action":"upsert_rejected","reason":"duplicate_url","id":"intel:250285|target_update|2026-06-29","duplicateOf":"intel:250285|official_visit|2026-07-01","hash":"62dc0b7c2e548d1db6629074f22619263a9d4e5239265f00649a73b78349950b","title":"Marquis Evans — intel"}
{"at":"2026-07-04T14:54:03.010Z","level":"info","event":"dedupe_rule","action":"upsert_rejected","reason":"duplicate_url","id":"intel:phil-trautwein|target_update|2026-06-30","duplicateOf":"intel:39c09d7d-0df3-45a5-a3bb-1667aec1495f|target_update|2026-06-30","hash":"2a1475784ce59c2ddb9918139f00c41827e5e761ceeb6ce441c8d7a91c945ec3","title":"Phil Trautwein — Recruiting intel"}
{"at":"2026-07-04T14:54:03.884Z","level":"info","event":"dedupe_rule","action":"upsert_rejected","reason":"truncated_copy","id":"intel:259645|target_update|2026-07-01","title":"Joey Fleming — intel"}
{"at":"2026-07-04T14:54:06.386Z","level":"info","event":"dedupe_rule","action":"upsert_rejected","reason":"truncated_copy","id":"intel:259645|target_update|2026-07-01","title":"Joey Fleming — Recruiting intel"}
{"at":"2026-07-04T14:54:06.503Z","level":"info","event":"dedupe_rule","action":"upsert_rejected","reason":"truncated_copy","id":"intel:259645|target_update|2026-07-01","title":"Joey Fleming — intel"}
{"at":"2026-07-04T14:54:06.512Z","level":"info","event":"dedupe_rule","action":"upsert_rejected","reason":"truncated_copy","id":"intel:259645|target_update|2026-07-01","title":"Joey Fleming — Recruiting intel"}
{"at":"2026-07-04T14:54:06.523Z","level":"info","event":"dedupe_rule","action":"upsert_rejected","reason":"duplicate_url","id":"intel:145026|target_update|2026-07-01","duplicateOf":"commit:145026|florida|2026-01-05","hash":"15bd845902b53f63c32a0951e4934a028bbe080c6929c9063f7994f57cb764b9","title":"DK Kalu — intel"}
{"at":"2026-07-04T14:54:06.531Z","level":"info","event":"dedupe_rule","action":"upsert_rejected","reason":"truncated_copy","id":"intel:4f411850-c3cb-4225-b92c-979365d6bdd1|unofficial_visit|2026-07-02","title":"Ayden Woodruff — Unofficial Visit"}
{"at":"2026-07-04T14:57:02.282Z","level":"info","event":"dedupe_rule","action":"upsert_rejected","reason":"duplicate_url","id":"intel:179743|target_update|2026-07-04","duplicateOf":"commit:chancellor-campbell|florida|2025-06-08","hash":"10d3671abee4a9fc6130ba2f40f885e4351773e86ad8953af61442990fb535f2","title":"Chancellor Campbell — intel"}
{"at":"2026-07-04T14:57:02.308Z","level":"info","event":"dedupe_rule","action":"upsert_rejected","reason":"duplicate_url","id":"intel:236347|target_update|2026-07-04","duplicateOf":"commit:desmond-green|florida|","hash":"35f12164bb9cb685fdc3ae9007e0f48a3d99468bf0c5bcb44da35021d946b5e3","title":"Desmond Green — intel"}
{"at":"2026-07-04T14:57:02.327Z","level":"info","event":"dedupe_rule","action":"upsert_rejected","reason":"duplicate_url","id":"intel:243619|target_update|2026-07-04","duplicateOf":"commit:javarii-luckas|florida|2025-06-16","hash":"39c3a54905c701ce4d050c6db952b56b58a66ec7fcee70d0c5aa468b41e1bc9e","title":"Javarii Luckas — intel"}
{"at":"2026-07-04T14:57:02.351Z","level":"info","event":"dedupe_rule","action":"upsert_rejected","reason":"duplicate_url","id":"intel:260787|target_update|2026-07-04","duplicateOf":"commit:eric-parks|florida|2026-02-05","hash":"8208c24c9a4617c943c0b02a1e138e58e44f5e048b6793139d96ba40b68bf509","title":"Eric Parks — intel"}
{"at":"2026-07-04T14:57:02.370Z","level":"info","event":"dedupe_rule","action":"upsert_rejected","reason":"duplicate_url","id":"intel:284115|target_update|2026-07-04","duplicateOf":"commit:armani-strong|florida|","hash":"f2f83cf1adffb6d6f22adea7078c1c2342ccb76d8a9cc03727451f4cb83d5354","title":"Armani Strong — intel"}
{"at":"2026-07-04T14:57:30.420Z","level":"info","event":"dedupe_rule","action":"upsert_rejected","reason":"duplicate_url","id":"intel:250285|target_update|2026-06-29","duplicateOf":"intel:250285|official_visit|2026-07-01","hash":"117046ac2a5dbbdff625396534e9f8b8757e7cac42a19a1cb5536ba847620732","title":"Marquis Evans — Recruiting intel"}
{"at":"2026-07-04T14:57:30.435Z","level":"info","event":"dedupe_rule","action":"upsert_rejected","reason":"duplicate_url","id":"intel:250285|target_update|2026-06-29","duplicateOf":"intel:250285|official_visit|2026-07-01","hash":"62dc0b7c2e548d1db6629074f22619263a9d4e5239265f00649a73b78349950b","title":"Marquis Evans — intel"}
{"at":"2026-07-04T14:57:37.898Z","level":"info","event":"dedupe_rule","action":"upsert_rejected","reason":"duplicate_url","id":"intel:250285|target_update|2026-06-29","duplicateOf":"intel:250285|official_visit|2026-07-01","hash":"62dc0b7c2e548d1db6629074f22619263a9d4e5239265f00649a73b78349950b","title":"Marquis Evans — intel"}
{"at":"2026-07-04T14:57:38.463Z","level":"info","event":"dedupe_rule","action":"upsert_rejected","reason":"duplicate_url","id":"intel:phil-trautwein|target_update|2026-06-30","duplicateOf":"intel:39c09d7d-0df3-45a5-a3bb-1667aec1495f|target_update|2026-06-30","hash":"2a1475784ce59c2ddb9918139f00c41827e5e761ceeb6ce441c8d7a91c945ec3","title":"Phil Trautwein — Recruiting intel"}
{"at":"2026-07-04T14:57:39.433Z","level":"info","event":"dedupe_rule","action":"upsert_rejected","reason":"truncated_copy","id":"intel:259645|target_update|2026-07-01","title":"Joey Fleming — intel"}
{"at":"2026-07-04T14:57:42.412Z","level":"info","event":"dedupe_rule","action":"upsert_rejected","reason":"truncated_copy","id":"intel:259645|target_update|2026-07-01","title":"Joey Fleming — Recruiting intel"}
{"at":"2026-07-04T14:57:42.424Z","level":"info","event":"dedupe_rule","action":"upsert_rejected","reason":"truncated_copy","id":"intel:259645|target_update|2026-07-01","title":"Joey Fleming — intel"}
{"at":"2026-07-04T14:57:42.440Z","level":"info","event":"dedupe_rule","action":"upsert_rejected","reason":"truncated_copy","id":"intel:259645|target_update|2026-07-01","title":"Joey Fleming — Recruiting intel"}
{"at":"2026-07-04T14:57:42.457Z","level":"info","event":"dedupe_rule","action":"upsert_rejected","reason":"duplicate_url","id":"intel:145026|target_update|2026-07-01","duplicateOf":"commit:145026|florida|2026-01-05","hash":"15bd845902b53f63c32a0951e4934a028bbe080c6929c9063f7994f57cb764b9","title":"DK Kalu — intel"}
{"at":"2026-07-04T14:57:42.471Z","level":"info","event":"dedupe_rule","action":"upsert_rejected","reason":"truncated_copy","id":"intel:4f411850-c3cb-4225-b92c-979365d6bdd1|unofficial_visit|2026-07-02","title":"Ayden Woodruff — Unofficial Visit"}
{"at":"2026-07-04T14:59:55.786Z","level":"info","event":"dedupe_rule","action":"upsert_rejected","reason":"duplicate_url","id":"intel:179743|target_update|2026-07-04","duplicateOf":"commit:chancellor-campbell|florida|2025-06-08","hash":"10d3671abee4a9fc6130ba2f40f885e4351773e86ad8953af61442990fb535f2","title":"Chancellor Campbell — intel"}
{"at":"2026-07-04T14:59:55.810Z","level":"info","event":"dedupe_rule","action":"upsert_rejected","reason":"duplicate_url","id":"intel:236347|target_update|2026-07-04","duplicateOf":"commit:desmond-green|florida|","hash":"35f12164bb9cb685fdc3ae9007e0f48a3d99468bf0c5bcb44da35021d946b5e3","title":"Desmond Green — intel"}
{"at":"2026-07-04T14:59:55.824Z","level":"info","event":"dedupe_rule","action":"upsert_rejected","reason":"duplicate_url","id":"intel:243619|target_update|2026-07-04","duplicateOf":"commit:javarii-luckas|florida|2025-06-16","hash":"39c3a54905c701ce4d050c6db952b56b58a66ec7fcee70d0c5aa468b41e1bc9e","title":"Javarii Luckas — intel"}
{"at":"2026-07-04T14:59:55.841Z","level":"info","event":"dedupe_rule","action":"upsert_rejected","reason":"duplicate_url","id":"intel:260787|target_update|2026-07-04","duplicateOf":"commit:eric-parks|florida|2026-02-05","hash":"8208c24c9a4617c943c0b02a1e138e58e44f5e048b6793139d96ba40b68bf509","title":"Eric Parks — intel"}
{"at":"2026-07-04T14:59:55.856Z","level":"info","event":"dedupe_rule","action":"upsert_rejected","reason":"duplicate_url","id":"intel:284115|target_update|2026-07-04","duplicateOf":"commit:armani-strong|florida|","hash":"f2f83cf1adffb6d6f22adea7078c1c2342ccb76d8a9cc03727451f4cb83d5354","title":"Armani Strong — intel"}
{"at":"2026-07-04T15:00:22.718Z","level":"info","event":"dedupe_rule","action":"upsert_rejected","reason":"duplicate_url","id":"intel:250285|target_update|2026-06-29","duplicateOf":"intel:250285|official_visit|2026-07-01","hash":"117046ac2a5dbbdff625396534e9f8b8757e7cac42a19a1cb5536ba847620732","title":"Marquis Evans — Recruiting intel"}
{"at":"2026-07-04T15:00:22.735Z","level":"info","event":"dedupe_rule","action":"upsert_rejected","reason":"duplicate_url","id":"intel:250285|target_update|2026-06-29","duplicateOf":"intel:250285|official_visit|2026-07-01","hash":"62dc0b7c2e548d1db6629074f22619263a9d4e5239265f00649a73b78349950b","title":"Marquis Evans — intel"}
{"at":"2026-07-04T15:00:29.224Z","level":"info","event":"dedupe_rule","action":"upsert_rejected","reason":"duplicate_url","id":"intel:250285|target_update|2026-06-29","duplicateOf":"intel:250285|official_visit|2026-07-01","hash":"62dc0b7c2e548d1db6629074f22619263a9d4e5239265f00649a73b78349950b","title":"Marquis Evans — intel"}
{"at":"2026-07-04T15:00:29.853Z","level":"info","event":"dedupe_rule","action":"upsert_rejected","reason":"duplicate_url","id":"intel:phil-trautwein|target_update|2026-06-30","duplicateOf":"intel:39c09d7d-0df3-45a5-a3bb-1667aec1495f|target_update|2026-06-30","hash":"2a1475784ce59c2ddb9918139f00c41827e5e761ceeb6ce441c8d7a91c945ec3","title":"Phil Trautwein — Recruiting intel"}
{"at":"2026-07-04T15:00:30.692Z","level":"info","event":"dedupe_rule","action":"upsert_rejected","reason":"truncated_copy","id":"intel:259645|target_update|2026-07-01","title":"Joey Fleming — intel"}
{"at":"2026-07-04T15:00:33.344Z","level":"info","event":"dedupe_rule","action":"upsert_rejected","reason":"truncated_copy","id":"intel:259645|target_update|2026-07-01","title":"Joey Fleming — Recruiting intel"}
{"at":"2026-07-04T15:00:33.356Z","level":"info","event":"dedupe_rule","action":"upsert_rejected","reason":"truncated_copy","id":"intel:259645|target_update|2026-07-01","title":"Joey Fleming — intel"}
{"at":"2026-07-04T15:00:33.367Z","level":"info","event":"dedupe_rule","action":"upsert_rejected","reason":"truncated_copy","id":"intel:259645|target_update|2026-07-01","title":"Joey Fleming — Recruiting intel"}
{"at":"2026-07-04T15:00:33.385Z","level":"info","event":"dedupe_rule","action":"upsert_rejected","reason":"duplicate_url","id":"intel:145026|target_update|2026-07-01","duplicateOf":"commit:145026|florida|2026-01-05","hash":"15bd845902b53f63c32a0951e4934a028bbe080c6929c9063f7994f57cb764b9","title":"DK Kalu — intel"}
{"at":"2026-07-04T15:00:33.398Z","level":"info","event":"dedupe_rule","action":"upsert_rejected","reason":"truncated_copy","id":"intel:4f411850-c3cb-4225-b92c-979365d6bdd1|unofficial_visit|2026-07-02","title":"Ayden Woodruff — Unofficial Visit"}
{"at":"2026-07-04T15:02:24.049Z","level":"info","event":"dedupe_rule","action":"upsert_rejected","reason":"duplicate_url","id":"gators-online_d046b2e5-baf0-4fc6-a42d-6bb713c855d7","duplicateOf":"gators-online_ecde34a6-2304-4467-ace8-837a4899448b","hash":"1fe1c83e6227b6bfed4af3cde5defa35f4a8891dda8f80ccab846d1be4d1f733","title":"New episode: Gators Online Podcast — Ep. 190: Takeaways from Florida&apos;s roster in CFB 27 | Gators Online Show"}
{"at":"2026-07-04T15:02:48.113Z","level":"info","event":"dedupe_rule","action":"upsert_rejected","reason":"duplicate_url","id":"intel:179743|target_update|2026-07-04","duplicateOf":"commit:chancellor-campbell|florida|2025-06-08","hash":"10d3671abee4a9fc6130ba2f40f885e4351773e86ad8953af61442990fb535f2","title":"Chancellor Campbell — intel"}
{"at":"2026-07-04T15:02:48.121Z","level":"info","event":"dedupe_rule","action":"upsert_rejected","reason":"duplicate_url","id":"intel:236347|target_update|2026-07-04","duplicateOf":"commit:desmond-green|florida|2025-06-26","hash":"35f12164bb9cb685fdc3ae9007e0f48a3d99468bf0c5bcb44da35021d946b5e3","title":"Desmond Green — intel"}
{"at":"2026-07-04T15:02:48.128Z","level":"info","event":"dedupe_rule","action":"upsert_rejected","reason":"duplicate_url","id":"intel:243619|target_update|2026-07-04","duplicateOf":"commit:javarii-luckas|florida|2025-06-16","hash":"39c3a54905c701ce4d050c6db952b56b58a66ec7fcee70d0c5aa468b41e1bc9e","title":"Javarii Luckas — intel"}
{"at":"2026-07-04T15:02:48.136Z","level":"info","event":"dedupe_rule","action":"upsert_rejected","reason":"duplicate_url","id":"intel:260787|target_update|2026-07-04","duplicateOf":"commit:eric-parks|florida|2026-02-05","hash":"8208c24c9a4617c943c0b02a1e138e58e44f5e048b6793139d96ba40b68bf509","title":"Eric Parks — intel"}
{"at":"2026-07-04T15:02:48.143Z","level":"info","event":"dedupe_rule","action":"upsert_rejected","reason":"duplicate_url","id":"intel:284115|target_update|2026-07-04","duplicateOf":"commit:armani-strong|florida|2026-06-28","hash":"f2f83cf1adffb6d6f22adea7078c1c2342ccb76d8a9cc03727451f4cb83d5354","title":"Armani Strong — intel"}
{"at":"2026-07-04T15:03:04.461Z","level":"info","event":"dedupe_rule","action":"upsert_rejected","reason":"duplicate_url","id":"intel:250285|target_update|2026-06-29","duplicateOf":"intel:250285|official_visit|2026-07-01","hash":"117046ac2a5dbbdff625396534e9f8b8757e7cac42a19a1cb5536ba847620732","title":"Marquis Evans — Recruiting intel"}
{"at":"2026-07-04T15:03:04.470Z","level":"info","event":"dedupe_rule","action":"upsert_rejected","reason":"duplicate_url","id":"intel:250285|target_update|2026-06-29","duplicateOf":"intel:250285|official_visit|2026-07-01","hash":"62dc0b7c2e548d1db6629074f22619263a9d4e5239265f00649a73b78349950b","title":"Marquis Evans — intel"}
{"at":"2026-07-04T15:03:08.037Z","level":"info","event":"dedupe_rule","action":"upsert_rejected","reason":"duplicate_url","id":"intel:250285|target_update|2026-06-29","duplicateOf":"intel:250285|official_visit|2026-07-01","hash":"62dc0b7c2e548d1db6629074f22619263a9d4e5239265f00649a73b78349950b","title":"Marquis Evans — intel"}
{"at":"2026-07-04T15:03:08.302Z","level":"info","event":"dedupe_rule","action":"upsert_rejected","reason":"duplicate_url","id":"intel:phil-trautwein|target_update|2026-06-30","duplicateOf":"intel:39c09d7d-0df3-45a5-a3bb-1667aec1495f|target_update|2026-06-30","hash":"2a1475784ce59c2ddb9918139f00c41827e5e761ceeb6ce441c8d7a91c945ec3","title":"Phil Trautwein — Recruiting intel"}
{"at":"2026-07-04T15:03:08.776Z","level":"info","event":"dedupe_rule","action":"upsert_rejected","reason":"truncated_copy","id":"intel:259645|target_update|2026-07-01","title":"Joey Fleming — intel"}
{"at":"2026-07-04T15:03:10.739Z","level":"info","event":"dedupe_rule","action":"upsert_rejected","reason":"truncated_copy","id":"intel:259645|target_update|2026-07-01","title":"Joey Fleming — Recruiting intel"}
{"at":"2026-07-04T15:03:10.748Z","level":"info","event":"dedupe_rule","action":"upsert_rejected","reason":"truncated_copy","id":"intel:259645|target_update|2026-07-01","title":"Joey Fleming — intel"}
{"at":"2026-07-04T15:03:10.757Z","level":"info","event":"dedupe_rule","action":"upsert_rejected","reason":"truncated_copy","id":"intel:259645|target_update|2026-07-01","title":"Joey Fleming — Recruiting intel"}
{"at":"2026-07-04T15:03:10.768Z","level":"info","event":"dedupe_rule","action":"upsert_rejected","reason":"duplicate_url","id":"intel:145026|target_update|2026-07-01","duplicateOf":"commit:145026|florida|2026-01-05","hash":"15bd845902b53f63c32a0951e4934a028bbe080c6929c9063f7994f57cb764b9","title":"DK Kalu — intel"}
{"at":"2026-07-04T15:03:10.779Z","level":"info","event":"dedupe_rule","action":"upsert_rejected","reason":"truncated_copy","id":"intel:4f411850-c3cb-4225-b92c-979365d6bdd1|unofficial_visit|2026-07-02","title":"Ayden Woodruff — Unofficial Visit"}
{"at":"2026-07-04T15:06:20.503Z","level":"info","event":"dedupe_rule","action":"upsert_rejected","reason":"duplicate_url","id":"intel:179743|target_update|2026-07-04","duplicateOf":"commit:chancellor-campbell|florida|2025-06-08","hash":"10d3671abee4a9fc6130ba2f40f885e4351773e86ad8953af61442990fb535f2","title":"Chancellor Campbell — intel"}
{"at":"2026-07-04T15:06:20.524Z","level":"info","event":"dedupe_rule","action":"upsert_rejected","reason":"duplicate_url","id":"intel:236347|target_update|2026-07-04","duplicateOf":"commit:desmond-green|florida|2025-06-26","hash":"35f12164bb9cb685fdc3ae9007e0f48a3d99468bf0c5bcb44da35021d946b5e3","title":"Desmond Green — intel"}
{"at":"2026-07-04T15:06:20.537Z","level":"info","event":"dedupe_rule","action":"upsert_rejected","reason":"duplicate_url","id":"intel:243619|target_update|2026-07-04","duplicateOf":"commit:javarii-luckas|florida|2025-06-16","hash":"39c3a54905c701ce4d050c6db952b56b58a66ec7fcee70d0c5aa468b41e1bc9e","title":"Javarii Luckas — intel"}
{"at":"2026-07-04T15:06:20.548Z","level":"info","event":"dedupe_rule","action":"upsert_rejected","reason":"duplicate_url","id":"intel:260787|target_update|2026-07-04","duplicateOf":"commit:eric-parks|florida|2026-02-05","hash":"8208c24c9a4617c943c0b02a1e138e58e44f5e048b6793139d96ba40b68bf509","title":"Eric Parks — intel"}
{"at":"2026-07-04T15:06:20.559Z","level":"info","event":"dedupe_rule","action":"upsert_rejected","reason":"duplicate_url","id":"intel:284115|target_update|2026-07-04","duplicateOf":"commit:armani-strong|florida|","hash":"f2f83cf1adffb6d6f22adea7078c1c2342ccb76d8a9cc03727451f4cb83d5354","title":"Armani Strong — intel"}
{"at":"2026-07-04T15:06:40.161Z","level":"info","event":"dedupe_rule","action":"upsert_rejected","reason":"duplicate_url","id":"intel:250285|target_update|2026-06-29","duplicateOf":"intel:250285|official_visit|2026-07-01","hash":"117046ac2a5dbbdff625396534e9f8b8757e7cac42a19a1cb5536ba847620732","title":"Marquis Evans — Recruiting intel"}
{"at":"2026-07-04T15:06:40.170Z","level":"info","event":"dedupe_rule","action":"upsert_rejected","reason":"duplicate_url","id":"intel:250285|target_update|2026-06-29","duplicateOf":"intel:250285|official_visit|2026-07-01","hash":"62dc0b7c2e548d1db6629074f22619263a9d4e5239265f00649a73b78349950b","title":"Marquis Evans — intel"}
{"at":"2026-07-04T15:06:44.333Z","level":"info","event":"dedupe_rule","action":"upsert_rejected","reason":"duplicate_url","id":"intel:250285|target_update|2026-06-29","duplicateOf":"intel:250285|official_visit|2026-07-01","hash":"62dc0b7c2e548d1db6629074f22619263a9d4e5239265f00649a73b78349950b","title":"Marquis Evans — intel"}
{"at":"2026-07-04T15:06:44.613Z","level":"info","event":"dedupe_rule","action":"upsert_rejected","reason":"duplicate_url","id":"intel:phil-trautwein|target_update|2026-06-30","duplicateOf":"intel:39c09d7d-0df3-45a5-a3bb-1667aec1495f|target_update|2026-06-30","hash":"2a1475784ce59c2ddb9918139f00c41827e5e761ceeb6ce441c8d7a91c945ec3","title":"Phil Trautwein — Recruiting intel"}
{"at":"2026-07-04T15:06:45.189Z","level":"info","event":"dedupe_rule","action":"upsert_rejected","reason":"truncated_copy","id":"intel:259645|target_update|2026-07-01","title":"Joey Fleming — intel"}
{"at":"2026-07-04T15:06:46.988Z","level":"info","event":"dedupe_rule","action":"upsert_rejected","reason":"truncated_copy","id":"intel:259645|target_update|2026-07-01","title":"Joey Fleming — Recruiting intel"}
{"at":"2026-07-04T15:06:46.996Z","level":"info","event":"dedupe_rule","action":"upsert_rejected","reason":"truncated_copy","id":"intel:259645|target_update|2026-07-01","title":"Joey Fleming — intel"}
{"at":"2026-07-04T15:06:47.005Z","level":"info","event":"dedupe_rule","action":"upsert_rejected","reason":"truncated_copy","id":"intel:259645|target_update|2026-07-01","title":"Joey Fleming — Recruiting intel"}
{"at":"2026-07-04T15:06:47.015Z","level":"info","event":"dedupe_rule","action":"upsert_rejected","reason":"duplicate_url","id":"intel:145026|target_update|2026-07-01","duplicateOf":"commit:145026|florida|2026-01-05","hash":"15bd845902b53f63c32a0951e4934a028bbe080c6929c9063f7994f57cb764b9","title":"DK Kalu — intel"}
{"at":"2026-07-04T15:06:47.023Z","level":"info","event":"dedupe_rule","action":"upsert_rejected","reason":"truncated_copy","id":"intel:4f411850-c3cb-4225-b92c-979365d6bdd1|unofficial_visit|2026-07-02","title":"Ayden Woodruff — Unofficial Visit"}
{"at":"2026-07-04T15:08:14.822Z","level":"info","event":"dedupe_rule","action":"upsert_rejected","reason":"duplicate_url","id":"gators-online_d046b2e5-baf0-4fc6-a42d-6bb713c855d7","duplicateOf":"gators-online_ecde34a6-2304-4467-ace8-837a4899448b","hash":"1fe1c83e6227b6bfed4af3cde5defa35f4a8891dda8f80ccab846d1be4d1f733","title":"New episode: Gators Online Podcast — Ep. 190: Takeaways from Florida&apos;s roster in CFB 27 | Gators Online Show"}
{"at":"2026-07-04T15:09:19.210Z","level":"info","event":"dedupe_rule","action":"upsert_rejected","reason":"duplicate_url","id":"intel:179743|target_update|2026-07-04","duplicateOf":"commit:chancellor-campbell|florida|2025-06-08","hash":"10d3671abee4a9fc6130ba2f40f885e4351773e86ad8953af61442990fb535f2","title":"Chancellor Campbell — intel"}
{"at":"2026-07-04T15:09:19.223Z","level":"info","event":"dedupe_rule","action":"upsert_rejected","reason":"duplicate_url","id":"intel:236347|target_update|2026-07-04","duplicateOf":"commit:desmond-green|florida|2025-06-26","hash":"35f12164bb9cb685fdc3ae9007e0f48a3d99468bf0c5bcb44da35021d946b5e3","title":"Desmond Green — intel"}
{"at":"2026-07-04T15:09:19.235Z","level":"info","event":"dedupe_rule","action":"upsert_rejected","reason":"duplicate_url","id":"intel:243619|target_update|2026-07-04","duplicateOf":"commit:javarii-luckas|florida|2025-06-16","hash":"39c3a54905c701ce4d050c6db952b56b58a66ec7fcee70d0c5aa468b41e1bc9e","title":"Javarii Luckas — intel"}
{"at":"2026-07-04T15:09:19.248Z","level":"info","event":"dedupe_rule","action":"upsert_rejected","reason":"duplicate_url","id":"intel:260787|target_update|2026-07-04","duplicateOf":"commit:eric-parks|florida|2026-02-05","hash":"8208c24c9a4617c943c0b02a1e138e58e44f5e048b6793139d96ba40b68bf509","title":"Eric Parks — intel"}
{"at":"2026-07-04T15:09:19.262Z","level":"info","event":"dedupe_rule","action":"upsert_rejected","reason":"duplicate_url","id":"intel:284115|target_update|2026-07-04","duplicateOf":"commit:armani-strong|florida|2026-06-28","hash":"f2f83cf1adffb6d6f22adea7078c1c2342ccb76d8a9cc03727451f4cb83d5354","title":"Armani Strong — intel"}
{"at":"2026-07-04T15:09:42.937Z","level":"info","event":"dedupe_rule","action":"upsert_rejected","reason":"duplicate_url","id":"intel:250285|target_update|2026-06-29","duplicateOf":"intel:250285|official_visit|2026-07-01","hash":"117046ac2a5dbbdff625396534e9f8b8757e7cac42a19a1cb5536ba847620732","title":"Marquis Evans — Recruiting intel"}
{"at":"2026-07-04T15:09:42.953Z","level":"info","event":"dedupe_rule","action":"upsert_rejected","reason":"duplicate_url","id":"intel:250285|target_update|2026-06-29","duplicateOf":"intel:250285|official_visit|2026-07-01","hash":"62dc0b7c2e548d1db6629074f22619263a9d4e5239265f00649a73b78349950b","title":"Marquis Evans — intel"}
{"at":"2026-07-04T15:09:49.992Z","level":"info","event":"dedupe_rule","action":"upsert_rejected","reason":"duplicate_url","id":"intel:250285|target_update|2026-06-29","duplicateOf":"intel:250285|official_visit|2026-07-01","hash":"62dc0b7c2e548d1db6629074f22619263a9d4e5239265f00649a73b78349950b","title":"Marquis Evans — intel"}
{"at":"2026-07-04T15:09:50.289Z","level":"info","event":"dedupe_rule","action":"upsert_rejected","reason":"duplicate_url","id":"intel:phil-trautwein|target_update|2026-06-30","duplicateOf":"intel:39c09d7d-0df3-45a5-a3bb-1667aec1495f|target_update|2026-06-30","hash":"2a1475784ce59c2ddb9918139f00c41827e5e761ceeb6ce441c8d7a91c945ec3","title":"Phil Trautwein — Recruiting intel"}
{"at":"2026-07-04T15:09:50.915Z","level":"info","event":"dedupe_rule","action":"upsert_rejected","reason":"truncated_copy","id":"intel:259645|target_update|2026-07-01","title":"Joey Fleming — intel"}
{"at":"2026-07-04T15:09:53.699Z","level":"info","event":"dedupe_rule","action":"upsert_rejected","reason":"truncated_copy","id":"intel:259645|target_update|2026-07-01","title":"Joey Fleming — Recruiting intel"}
{"at":"2026-07-04T15:09:53.712Z","level":"info","event":"dedupe_rule","action":"upsert_rejected","reason":"truncated_copy","id":"intel:259645|target_update|2026-07-01","title":"Joey Fleming — intel"}
{"at":"2026-07-04T15:09:53.722Z","level":"info","event":"dedupe_rule","action":"upsert_rejected","reason":"truncated_copy","id":"intel:259645|target_update|2026-07-01","title":"Joey Fleming — Recruiting intel"}
{"at":"2026-07-04T15:09:53.735Z","level":"info","event":"dedupe_rule","action":"upsert_rejected","reason":"duplicate_url","id":"intel:145026|target_update|2026-07-01","duplicateOf":"commit:145026|florida|2026-01-05","hash":"15bd845902b53f63c32a0951e4934a028bbe080c6929c9063f7994f57cb764b9","title":"DK Kalu — intel"}
{"at":"2026-07-04T15:09:53.751Z","level":"info","event":"dedupe_rule","action":"upsert_rejected","reason":"truncated_copy","id":"intel:4f411850-c3cb-4225-b92c-979365d6bdd1|unofficial_visit|2026-07-02","title":"Ayden Woodruff — Unofficial Visit"}
{"at":"2026-07-04T15:11:08.993Z","level":"info","event":"dedupe_rule","action":"upsert_rejected","reason":"duplicate_url","id":"gators-online_d046b2e5-baf0-4fc6-a42d-6bb713c855d7","duplicateOf":"gators-online_ecde34a6-2304-4467-ace8-837a4899448b","hash":"1fe1c83e6227b6bfed4af3cde5defa35f4a8891dda8f80ccab846d1be4d1f733","title":"New episode: Gators Online Podcast — Ep. 190: Takeaways from Florida&apos;s roster in CFB 27 | Gators Online Show"}
{"at":"2026-07-04T15:11:32.041Z","level":"info","event":"dedupe_rule","action":"upsert_rejected","reason":"duplicate_url","id":"gators-online_d046b2e5-baf0-4fc6-a42d-6bb713c855d7","duplicateOf":"gators-online_ecde34a6-2304-4467-ace8-837a4899448b","hash":"1fe1c83e6227b6bfed4af3cde5defa35f4a8891dda8f80ccab846d1be4d1f733","title":"New episode: Gators Online Podcast — Ep. 190: Takeaways from Florida&apos;s roster in CFB 27 | Gators Online Show"}
{"at":"2026-07-04T15:12:06.650Z","level":"info","event":"dedupe_rule","action":"upsert_rejected","reason":"duplicate_url","id":"gators-online_d046b2e5-baf0-4fc6-a42d-6bb713c855d7","duplicateOf":"gators-online_ecde34a6-2304-4467-ace8-837a4899448b","hash":"1fe1c83e6227b6bfed4af3cde5defa35f4a8891dda8f80ccab846d1be4d1f733","title":"New episode: Gators Online Podcast — Ep. 190: Takeaways from Florida&apos;s roster in CFB 27 | Gators Online Show"}
{"at":"2026-07-04T15:12:07.173Z","level":"info","event":"dedupe_rule","action":"upsert_rejected","reason":"duplicate_url","id":"gators-online_d046b2e5-baf0-4fc6-a42d-6bb713c855d7","duplicateOf":"gators-online_ecde34a6-2304-4467-ace8-837a4899448b","hash":"1fe1c83e6227b6bfed4af3cde5defa35f4a8891dda8f80ccab846d1be4d1f733","title":"New episode: Gators Online Podcast — Ep. 190: Takeaways from Florida&apos;s roster in CFB 27 | Gators Online Show"}
{"at":"2026-07-04T15:12:19.994Z","level":"info","event":"dedupe_rule","action":"upsert_rejected","reason":"duplicate_url","id":"intel:179743|target_update|2026-07-04","duplicateOf":"commit:chancellor-campbell|florida|2025-06-08","hash":"10d3671abee4a9fc6130ba2f40f885e4351773e86ad8953af61442990fb535f2","title":"Chancellor Campbell — intel"}
{"at":"2026-07-04T15:12:20.002Z","level":"info","event":"dedupe_rule","action":"upsert_rejected","reason":"duplicate_url","id":"intel:236347|target_update|2026-07-04","duplicateOf":"commit:desmond-green|florida|","hash":"35f12164bb9cb685fdc3ae9007e0f48a3d99468bf0c5bcb44da35021d946b5e3","title":"Desmond Green — intel"}
{"at":"2026-07-04T15:12:20.019Z","level":"info","event":"dedupe_rule","action":"upsert_rejected","reason":"duplicate_url","id":"intel:243619|target_update|2026-07-04","duplicateOf":"commit:javarii-luckas|florida|2025-06-16","hash":"39c3a54905c701ce4d050c6db952b56b58a66ec7fcee70d0c5aa468b41e1bc9e","title":"Javarii Luckas — intel"}
{"at":"2026-07-04T15:12:20.032Z","level":"info","event":"dedupe_rule","action":"upsert_rejected","reason":"duplicate_url","id":"intel:260787|target_update|2026-07-04","duplicateOf":"commit:eric-parks|florida|2026-02-05","hash":"8208c24c9a4617c943c0b02a1e138e58e44f5e048b6793139d96ba40b68bf509","title":"Eric Parks — intel"}
{"at":"2026-07-04T15:12:20.045Z","level":"info","event":"dedupe_rule","action":"upsert_rejected","reason":"duplicate_url","id":"intel:284115|target_update|2026-07-04","duplicateOf":"commit:armani-strong|florida|2026-06-28","hash":"f2f83cf1adffb6d6f22adea7078c1c2342ccb76d8a9cc03727451f4cb83d5354","title":"Armani Strong — intel"}
{"at":"2026-07-04T15:12:37.161Z","level":"info","event":"dedupe_rule","action":"upsert_rejected","reason":"duplicate_url","id":"intel:250285|target_update|2026-06-29","duplicateOf":"intel:250285|official_visit|2026-07-01","hash":"117046ac2a5dbbdff625396534e9f8b8757e7cac42a19a1cb5536ba847620732","title":"Marquis Evans — Recruiting intel"}
{"at":"2026-07-04T15:12:37.170Z","level":"info","event":"dedupe_rule","action":"upsert_rejected","reason":"duplicate_url","id":"intel:250285|target_update|2026-06-29","duplicateOf":"intel:250285|official_visit|2026-07-01","hash":"62dc0b7c2e548d1db6629074f22619263a9d4e5239265f00649a73b78349950b","title":"Marquis Evans — intel"}
{"at":"2026-07-04T15:12:40.984Z","level":"info","event":"dedupe_rule","action":"upsert_rejected","reason":"duplicate_url","id":"intel:250285|target_update|2026-06-29","duplicateOf":"intel:250285|official_visit|2026-07-01","hash":"62dc0b7c2e548d1db6629074f22619263a9d4e5239265f00649a73b78349950b","title":"Marquis Evans — intel"}
{"at":"2026-07-04T15:12:41.266Z","level":"info","event":"dedupe_rule","action":"upsert_rejected","reason":"duplicate_url","id":"intel:phil-trautwein|target_update|2026-06-30","duplicateOf":"intel:39c09d7d-0df3-45a5-a3bb-1667aec1495f|target_update|2026-06-30","hash":"2a1475784ce59c2ddb9918139f00c41827e5e761ceeb6ce441c8d7a91c945ec3","title":"Phil Trautwein — Recruiting intel"}
{"at":"2026-07-04T15:12:41.917Z","level":"info","event":"dedupe_rule","action":"upsert_rejected","reason":"truncated_copy","id":"intel:259645|target_update|2026-07-01","title":"Joey Fleming — intel"}
{"at":"2026-07-04T15:12:43.730Z","level":"info","event":"dedupe_rule","action":"upsert_rejected","reason":"truncated_copy","id":"intel:259645|target_update|2026-07-01","title":"Joey Fleming — Recruiting intel"}
{"at":"2026-07-04T15:12:43.740Z","level":"info","event":"dedupe_rule","action":"upsert_rejected","reason":"truncated_copy","id":"intel:259645|target_update|2026-07-01","title":"Joey Fleming — intel"}
{"at":"2026-07-04T15:12:43.758Z","level":"info","event":"dedupe_rule","action":"upsert_rejected","reason":"truncated_copy","id":"intel:259645|target_update|2026-07-01","title":"Joey Fleming — Recruiting intel"}
{"at":"2026-07-04T15:12:43.767Z","level":"info","event":"dedupe_rule","action":"upsert_rejected","reason":"duplicate_url","id":"intel:145026|target_update|2026-07-01","duplicateOf":"commit:145026|florida|2026-01-05","hash":"15bd845902b53f63c32a0951e4934a028bbe080c6929c9063f7994f57cb764b9","title":"DK Kalu — intel"}
{"at":"2026-07-04T15:12:43.774Z","level":"info","event":"dedupe_rule","action":"upsert_rejected","reason":"truncated_copy","id":"intel:4f411850-c3cb-4225-b92c-979365d6bdd1|unofficial_visit|2026-07-02","title":"Ayden Woodruff — Unofficial Visit"}
{"at":"2026-07-04T15:13:39.434Z","level":"info","event":"dedupe_rule","action":"upsert_rejected","reason":"duplicate_url","id":"gators-online_d046b2e5-baf0-4fc6-a42d-6bb713c855d7","duplicateOf":"gators-online_ecde34a6-2304-4467-ace8-837a4899448b","hash":"1fe1c83e6227b6bfed4af3cde5defa35f4a8891dda8f80ccab846d1be4d1f733","title":"New episode: Gators Online Podcast — Ep. 190: Takeaways from Florida&apos;s roster in CFB 27 | Gators Online Show"}
{"at":"2026-07-04T15:13:49.478Z","level":"info","event":"dedupe_rule","action":"upsert_rejected","reason":"duplicate_url","id":"gators-online_d046b2e5-baf0-4fc6-a42d-6bb713c855d7","duplicateOf":"gators-online_ecde34a6-2304-4467-ace8-837a4899448b","hash":"1fe1c83e6227b6bfed4af3cde5defa35f4a8891dda8f80ccab846d1be4d1f733","title":"New episode: Gators Online Podcast — Ep. 190: Takeaways from Florida&apos;s roster in CFB 27 | Gators Online Show"}
{"at":"2026-07-04T15:15:18.789Z","level":"info","event":"dedupe_rule","action":"upsert_rejected","reason":"duplicate_url","id":"intel:179743|target_update|2026-07-04","duplicateOf":"commit:chancellor-campbell|florida|2025-06-08","hash":"10d3671abee4a9fc6130ba2f40f885e4351773e86ad8953af61442990fb535f2","title":"Chancellor Campbell — intel"}
{"at":"2026-07-04T15:15:18.798Z","level":"info","event":"dedupe_rule","action":"upsert_rejected","reason":"duplicate_url","id":"intel:236347|target_update|2026-07-04","duplicateOf":"commit:desmond-green|florida|","hash":"35f12164bb9cb685fdc3ae9007e0f48a3d99468bf0c5bcb44da35021d946b5e3","title":"Desmond Green — intel"}
{"at":"2026-07-04T15:15:18.806Z","level":"info","event":"dedupe_rule","action":"upsert_rejected","reason":"duplicate_url","id":"intel:243619|target_update|2026-07-04","duplicateOf":"commit:javarii-luckas|florida|2025-06-16","hash":"39c3a54905c701ce4d050c6db952b56b58a66ec7fcee70d0c5aa468b41e1bc9e","title":"Javarii Luckas — intel"}
{"at":"2026-07-04T15:15:18.814Z","level":"info","event":"dedupe_rule","action":"upsert_rejected","reason":"duplicate_url","id":"intel:260787|target_update|2026-07-04","duplicateOf":"commit:eric-parks|florida|2026-02-05","hash":"8208c24c9a4617c943c0b02a1e138e58e44f5e048b6793139d96ba40b68bf509","title":"Eric Parks — intel"}
{"at":"2026-07-04T15:15:18.824Z","level":"info","event":"dedupe_rule","action":"upsert_rejected","reason":"duplicate_url","id":"intel:284115|target_update|2026-07-04","duplicateOf":"commit:armani-strong|florida|2026-06-28","hash":"f2f83cf1adffb6d6f22adea7078c1c2342ccb76d8a9cc03727451f4cb83d5354","title":"Armani Strong — intel"}
{"at":"2026-07-04T15:15:44.999Z","level":"info","event":"dedupe_rule","action":"upsert_rejected","reason":"duplicate_url","id":"intel:250285|target_update|2026-06-29","duplicateOf":"intel:250285|official_visit|2026-07-01","hash":"117046ac2a5dbbdff625396534e9f8b8757e7cac42a19a1cb5536ba847620732","title":"Marquis Evans — Recruiting intel"}
{"at":"2026-07-04T15:15:45.015Z","level":"info","event":"dedupe_rule","action":"upsert_rejected","reason":"duplicate_url","id":"intel:250285|target_update|2026-06-29","duplicateOf":"intel:250285|official_visit|2026-07-01","hash":"62dc0b7c2e548d1db6629074f22619263a9d4e5239265f00649a73b78349950b","title":"Marquis Evans — intel"}
{"at":"2026-07-04T15:15:50.439Z","level":"info","event":"dedupe_rule","action":"upsert_rejected","reason":"duplicate_url","id":"intel:250285|target_update|2026-06-29","duplicateOf":"intel:250285|official_visit|2026-07-01","hash":"62dc0b7c2e548d1db6629074f22619263a9d4e5239265f00649a73b78349950b","title":"Marquis Evans — intel"}
{"at":"2026-07-04T15:15:50.797Z","level":"info","event":"dedupe_rule","action":"upsert_rejected","reason":"duplicate_url","id":"intel:phil-trautwein|target_update|2026-06-30","duplicateOf":"intel:39c09d7d-0df3-45a5-a3bb-1667aec1495f|target_update|2026-06-30","hash":"2a1475784ce59c2ddb9918139f00c41827e5e761ceeb6ce441c8d7a91c945ec3","title":"Phil Trautwein — Recruiting intel"}
{"at":"2026-07-04T15:15:51.561Z","level":"info","event":"dedupe_rule","action":"upsert_rejected","reason":"truncated_copy","id":"intel:259645|target_update|2026-07-01","title":"Joey Fleming — intel"}
{"at":"2026-07-04T15:15:53.681Z","level":"info","event":"dedupe_rule","action":"upsert_rejected","reason":"truncated_copy","id":"intel:259645|target_update|2026-07-01","title":"Joey Fleming — Recruiting intel"}
{"at":"2026-07-04T15:15:53.696Z","level":"info","event":"dedupe_rule","action":"upsert_rejected","reason":"truncated_copy","id":"intel:259645|target_update|2026-07-01","title":"Joey Fleming — intel"}
{"at":"2026-07-04T15:15:53.707Z","level":"info","event":"dedupe_rule","action":"upsert_rejected","reason":"truncated_copy","id":"intel:259645|target_update|2026-07-01","title":"Joey Fleming — Recruiting intel"}
{"at":"2026-07-04T15:15:53.720Z","level":"info","event":"dedupe_rule","action":"upsert_rejected","reason":"duplicate_url","id":"intel:145026|target_update|2026-07-01","duplicateOf":"commit:145026|florida|2026-01-05","hash":"15bd845902b53f63c32a0951e4934a028bbe080c6929c9063f7994f57cb764b9","title":"DK Kalu — intel"}
{"at":"2026-07-04T15:15:53.733Z","level":"info","event":"dedupe_rule","action":"upsert_rejected","reason":"truncated_copy","id":"intel:4f411850-c3cb-4225-b92c-979365d6bdd1|unofficial_visit|2026-07-02","title":"Ayden Woodruff — Unofficial Visit"}
{"at":"2026-07-04T15:17:02.000Z","level":"info","event":"dedupe_rule","action":"upsert_rejected","reason":"duplicate_url","id":"gators-online_d046b2e5-baf0-4fc6-a42d-6bb713c855d7","duplicateOf":"gators-online_ecde34a6-2304-4467-ace8-837a4899448b","hash":"1fe1c83e6227b6bfed4af3cde5defa35f4a8891dda8f80ccab846d1be4d1f733","title":"New episode: Gators Online Podcast — Ep. 190: Takeaways from Florida&apos;s roster in CFB 27 | Gators Online Show"}
{"at":"2026-07-04T15:18:19.204Z","level":"info","event":"dedupe_rule","action":"upsert_rejected","reason":"duplicate_url","id":"intel:179743|target_update|2026-07-04","duplicateOf":"commit:chancellor-campbell|florida|","hash":"10d3671abee4a9fc6130ba2f40f885e4351773e86ad8953af61442990fb535f2","title":"Chancellor Campbell — intel"}
{"at":"2026-07-04T15:18:19.215Z","level":"info","event":"dedupe_rule","action":"upsert_rejected","reason":"duplicate_url","id":"intel:236347|target_update|2026-07-04","duplicateOf":"commit:desmond-green|florida|2025-06-26","hash":"35f12164bb9cb685fdc3ae9007e0f48a3d99468bf0c5bcb44da35021d946b5e3","title":"Desmond Green — intel"}
{"at":"2026-07-04T15:18:19.225Z","level":"info","event":"dedupe_rule","action":"upsert_rejected","reason":"duplicate_url","id":"intel:243619|target_update|2026-07-04","duplicateOf":"commit:javarii-luckas|florida|2025-06-16","hash":"39c3a54905c701ce4d050c6db952b56b58a66ec7fcee70d0c5aa468b41e1bc9e","title":"Javarii Luckas — intel"}
{"at":"2026-07-04T15:18:19.235Z","level":"info","event":"dedupe_rule","action":"upsert_rejected","reason":"duplicate_url","id":"intel:260787|target_update|2026-07-04","duplicateOf":"commit:eric-parks|florida|2026-02-05","hash":"8208c24c9a4617c943c0b02a1e138e58e44f5e048b6793139d96ba40b68bf509","title":"Eric Parks — intel"}
{"at":"2026-07-04T15:18:19.244Z","level":"info","event":"dedupe_rule","action":"upsert_rejected","reason":"duplicate_url","id":"intel:284115|target_update|2026-07-04","duplicateOf":"commit:armani-strong|florida|2026-06-28","hash":"f2f83cf1adffb6d6f22adea7078c1c2342ccb76d8a9cc03727451f4cb83d5354","title":"Armani Strong — intel"}
{"at":"2026-07-04T15:18:36.695Z","level":"info","event":"dedupe_rule","action":"upsert_rejected","reason":"duplicate_url","id":"intel:250285|target_update|2026-06-29","duplicateOf":"intel:250285|official_visit|2026-07-01","hash":"117046ac2a5dbbdff625396534e9f8b8757e7cac42a19a1cb5536ba847620732","title":"Marquis Evans — Recruiting intel"}
{"at":"2026-07-04T15:18:36.705Z","level":"info","event":"dedupe_rule","action":"upsert_rejected","reason":"duplicate_url","id":"intel:250285|target_update|2026-06-29","duplicateOf":"intel:250285|official_visit|2026-07-01","hash":"62dc0b7c2e548d1db6629074f22619263a9d4e5239265f00649a73b78349950b","title":"Marquis Evans — intel"}
{"at":"2026-07-04T15:18:40.256Z","level":"info","event":"dedupe_rule","action":"upsert_rejected","reason":"duplicate_url","id":"intel:250285|target_update|2026-06-29","duplicateOf":"intel:250285|official_visit|2026-07-01","hash":"62dc0b7c2e548d1db6629074f22619263a9d4e5239265f00649a73b78349950b","title":"Marquis Evans — intel"}
{"at":"2026-07-04T15:18:40.523Z","level":"info","event":"dedupe_rule","action":"upsert_rejected","reason":"duplicate_url","id":"intel:phil-trautwein|target_update|2026-06-30","duplicateOf":"intel:39c09d7d-0df3-45a5-a3bb-1667aec1495f|target_update|2026-06-30","hash":"2a1475784ce59c2ddb9918139f00c41827e5e761ceeb6ce441c8d7a91c945ec3","title":"Phil Trautwein — Recruiting intel"}
{"at":"2026-07-04T15:18:41.049Z","level":"info","event":"dedupe_rule","action":"upsert_rejected","reason":"truncated_copy","id":"intel:259645|target_update|2026-07-01","title":"Joey Fleming — intel"}
{"at":"2026-07-04T15:18:42.658Z","level":"info","event":"dedupe_rule","action":"upsert_rejected","reason":"truncated_copy","id":"intel:259645|target_update|2026-07-01","title":"Joey Fleming — Recruiting intel"}
{"at":"2026-07-04T15:18:42.666Z","level":"info","event":"dedupe_rule","action":"upsert_rejected","reason":"truncated_copy","id":"intel:259645|target_update|2026-07-01","title":"Joey Fleming — intel"}
{"at":"2026-07-04T15:18:42.675Z","level":"info","event":"dedupe_rule","action":"upsert_rejected","reason":"truncated_copy","id":"intel:259645|target_update|2026-07-01","title":"Joey Fleming — Recruiting intel"}
{"at":"2026-07-04T15:18:42.685Z","level":"info","event":"dedupe_rule","action":"upsert_rejected","reason":"duplicate_url","id":"intel:145026|target_update|2026-07-01","duplicateOf":"commit:145026|florida|2026-01-05","hash":"15bd845902b53f63c32a0951e4934a028bbe080c6929c9063f7994f57cb764b9","title":"DK Kalu — intel"}
{"at":"2026-07-04T15:18:42.695Z","level":"info","event":"dedupe_rule","action":"upsert_rejected","reason":"truncated_copy","id":"intel:4f411850-c3cb-4225-b92c-979365d6bdd1|unofficial_visit|2026-07-02","title":"Ayden Woodruff — Unofficial Visit"}
{"at":"2026-07-04T15:21:30.612Z","level":"info","event":"dedupe_rule","action":"upsert_rejected","reason":"duplicate_url","id":"intel:179743|target_update|2026-07-04","duplicateOf":"commit:chancellor-campbell|florida|2025-06-08","hash":"10d3671abee4a9fc6130ba2f40f885e4351773e86ad8953af61442990fb535f2","title":"Chancellor Campbell — intel"}
{"at":"2026-07-04T15:21:30.636Z","level":"info","event":"dedupe_rule","action":"upsert_rejected","reason":"duplicate_url","id":"intel:236347|target_update|2026-07-04","duplicateOf":"commit:desmond-green|florida|2025-06-26","hash":"35f12164bb9cb685fdc3ae9007e0f48a3d99468bf0c5bcb44da35021d946b5e3","title":"Desmond Green — intel"}
{"at":"2026-07-04T15:21:30.646Z","level":"info","event":"dedupe_rule","action":"upsert_rejected","reason":"duplicate_url","id":"intel:243619|target_update|2026-07-04","duplicateOf":"commit:javarii-luckas|florida|2025-06-16","hash":"39c3a54905c701ce4d050c6db952b56b58a66ec7fcee70d0c5aa468b41e1bc9e","title":"Javarii Luckas — intel"}
{"at":"2026-07-04T15:21:30.656Z","level":"info","event":"dedupe_rule","action":"upsert_rejected","reason":"duplicate_url","id":"intel:260787|target_update|2026-07-04","duplicateOf":"commit:eric-parks|florida|2026-02-05","hash":"8208c24c9a4617c943c0b02a1e138e58e44f5e048b6793139d96ba40b68bf509","title":"Eric Parks — intel"}
{"at":"2026-07-04T15:21:30.667Z","level":"info","event":"dedupe_rule","action":"upsert_rejected","reason":"duplicate_url","id":"intel:284115|target_update|2026-07-04","duplicateOf":"commit:armani-strong|florida|2026-06-28","hash":"f2f83cf1adffb6d6f22adea7078c1c2342ccb76d8a9cc03727451f4cb83d5354","title":"Armani Strong — intel"}
{"at":"2026-07-04T15:21:51.218Z","level":"info","event":"dedupe_rule","action":"upsert_rejected","reason":"duplicate_url","id":"intel:250285|target_update|2026-06-29","duplicateOf":"intel:250285|official_visit|2026-07-01","hash":"117046ac2a5dbbdff625396534e9f8b8757e7cac42a19a1cb5536ba847620732","title":"Marquis Evans — Recruiting intel"}
{"at":"2026-07-04T15:21:51.238Z","level":"info","event":"dedupe_rule","action":"upsert_rejected","reason":"duplicate_url","id":"intel:250285|target_update|2026-06-29","duplicateOf":"intel:250285|official_visit|2026-07-01","hash":"62dc0b7c2e548d1db6629074f22619263a9d4e5239265f00649a73b78349950b","title":"Marquis Evans — intel"}
{"at":"2026-07-04T15:21:55.924Z","level":"info","event":"dedupe_rule","action":"upsert_rejected","reason":"duplicate_url","id":"intel:250285|target_update|2026-06-29","duplicateOf":"intel:250285|official_visit|2026-07-01","hash":"62dc0b7c2e548d1db6629074f22619263a9d4e5239265f00649a73b78349950b","title":"Marquis Evans — intel"}
{"at":"2026-07-04T15:21:56.256Z","level":"info","event":"dedupe_rule","action":"upsert_rejected","reason":"duplicate_url","id":"intel:phil-trautwein|target_update|2026-06-30","duplicateOf":"intel:39c09d7d-0df3-45a5-a3bb-1667aec1495f|target_update|2026-06-30","hash":"2a1475784ce59c2ddb9918139f00c41827e5e761ceeb6ce441c8d7a91c945ec3","title":"Phil Trautwein — Recruiting intel"}
{"at":"2026-07-04T15:21:56.958Z","level":"info","event":"dedupe_rule","action":"upsert_rejected","reason":"truncated_copy","id":"intel:259645|target_update|2026-07-01","title":"Joey Fleming — intel"}
{"at":"2026-07-04T15:21:59.010Z","level":"info","event":"dedupe_rule","action":"upsert_rejected","reason":"truncated_copy","id":"intel:259645|target_update|2026-07-01","title":"Joey Fleming — Recruiting intel"}
{"at":"2026-07-04T15:21:59.019Z","level":"info","event":"dedupe_rule","action":"upsert_rejected","reason":"truncated_copy","id":"intel:259645|target_update|2026-07-01","title":"Joey Fleming — intel"}
{"at":"2026-07-04T15:21:59.026Z","level":"info","event":"dedupe_rule","action":"upsert_rejected","reason":"truncated_copy","id":"intel:259645|target_update|2026-07-01","title":"Joey Fleming — Recruiting intel"}
{"at":"2026-07-04T15:21:59.036Z","level":"info","event":"dedupe_rule","action":"upsert_rejected","reason":"duplicate_url","id":"intel:145026|target_update|2026-07-01","duplicateOf":"commit:145026|florida|2026-01-05","hash":"15bd845902b53f63c32a0951e4934a028bbe080c6929c9063f7994f57cb764b9","title":"DK Kalu — intel"}
{"at":"2026-07-04T15:21:59.050Z","level":"info","event":"dedupe_rule","action":"upsert_rejected","reason":"truncated_copy","id":"intel:4f411850-c3cb-4225-b92c-979365d6bdd1|unofficial_visit|2026-07-02","title":"Ayden Woodruff — Unofficial Visit"}
{"at":"2026-07-04T15:24:36.678Z","level":"info","event":"dedupe_rule","action":"upsert_rejected","reason":"duplicate_url","id":"intel:179743|target_update|2026-07-04","duplicateOf":"commit:chancellor-campbell|florida|2025-06-08","hash":"10d3671abee4a9fc6130ba2f40f885e4351773e86ad8953af61442990fb535f2","title":"Chancellor Campbell — intel"}
{"at":"2026-07-04T15:24:36.720Z","level":"info","event":"dedupe_rule","action":"upsert_rejected","reason":"duplicate_url","id":"intel:236347|target_update|2026-07-04","duplicateOf":"commit:desmond-green|florida|2025-06-26","hash":"35f12164bb9cb685fdc3ae9007e0f48a3d99468bf0c5bcb44da35021d946b5e3","title":"Desmond Green — intel"}
{"at":"2026-07-04T15:24:36.748Z","level":"info","event":"dedupe_rule","action":"upsert_rejected","reason":"duplicate_url","id":"intel:243619|target_update|2026-07-04","duplicateOf":"commit:javarii-luckas|florida|2025-06-16","hash":"39c3a54905c701ce4d050c6db952b56b58a66ec7fcee70d0c5aa468b41e1bc9e","title":"Javarii Luckas — intel"}
{"at":"2026-07-04T15:24:36.771Z","level":"info","event":"dedupe_rule","action":"upsert_rejected","reason":"duplicate_url","id":"intel:260787|target_update|2026-07-04","duplicateOf":"commit:eric-parks|florida|","hash":"8208c24c9a4617c943c0b02a1e138e58e44f5e048b6793139d96ba40b68bf509","title":"Eric Parks — intel"}
{"at":"2026-07-04T15:24:36.791Z","level":"info","event":"dedupe_rule","action":"upsert_rejected","reason":"duplicate_url","id":"intel:284115|target_update|2026-07-04","duplicateOf":"commit:armani-strong|florida|2026-06-28","hash":"f2f83cf1adffb6d6f22adea7078c1c2342ccb76d8a9cc03727451f4cb83d5354","title":"Armani Strong — intel"}
{"at":"2026-07-04T15:25:00.167Z","level":"info","event":"dedupe_rule","action":"upsert_rejected","reason":"duplicate_url","id":"intel:250285|target_update|2026-06-29","duplicateOf":"intel:250285|official_visit|2026-07-01","hash":"117046ac2a5dbbdff625396534e9f8b8757e7cac42a19a1cb5536ba847620732","title":"Marquis Evans — Recruiting intel"}
{"at":"2026-07-04T15:25:00.184Z","level":"info","event":"dedupe_rule","action":"upsert_rejected","reason":"duplicate_url","id":"intel:250285|target_update|2026-06-29","duplicateOf":"intel:250285|official_visit|2026-07-01","hash":"62dc0b7c2e548d1db6629074f22619263a9d4e5239265f00649a73b78349950b","title":"Marquis Evans — intel"}
{"at":"2026-07-04T15:25:05.719Z","level":"info","event":"dedupe_rule","action":"upsert_rejected","reason":"duplicate_url","id":"intel:250285|target_update|2026-06-29","duplicateOf":"intel:250285|official_visit|2026-07-01","hash":"62dc0b7c2e548d1db6629074f22619263a9d4e5239265f00649a73b78349950b","title":"Marquis Evans — intel"}
{"at":"2026-07-04T15:25:06.141Z","level":"info","event":"dedupe_rule","action":"upsert_rejected","reason":"duplicate_url","id":"intel:phil-trautwein|target_update|2026-06-30","duplicateOf":"intel:39c09d7d-0df3-45a5-a3bb-1667aec1495f|target_update|2026-06-30","hash":"2a1475784ce59c2ddb9918139f00c41827e5e761ceeb6ce441c8d7a91c945ec3","title":"Phil Trautwein — Recruiting intel"}
{"at":"2026-07-04T15:25:06.919Z","level":"info","event":"dedupe_rule","action":"upsert_rejected","reason":"truncated_copy","id":"intel:259645|target_update|2026-07-01","title":"Joey Fleming — intel"}
{"at":"2026-07-04T15:25:09.211Z","level":"info","event":"dedupe_rule","action":"upsert_rejected","reason":"truncated_copy","id":"intel:259645|target_update|2026-07-01","title":"Joey Fleming — Recruiting intel"}
{"at":"2026-07-04T15:25:09.222Z","level":"info","event":"dedupe_rule","action":"upsert_rejected","reason":"truncated_copy","id":"intel:259645|target_update|2026-07-01","title":"Joey Fleming — intel"}
{"at":"2026-07-04T15:25:09.233Z","level":"info","event":"dedupe_rule","action":"upsert_rejected","reason":"truncated_copy","id":"intel:259645|target_update|2026-07-01","title":"Joey Fleming — Recruiting intel"}
{"at":"2026-07-04T15:25:09.257Z","level":"info","event":"dedupe_rule","action":"upsert_rejected","reason":"duplicate_url","id":"intel:145026|target_update|2026-07-01","duplicateOf":"commit:145026|florida|2026-01-05","hash":"15bd845902b53f63c32a0951e4934a028bbe080c6929c9063f7994f57cb764b9","title":"DK Kalu — intel"}
{"at":"2026-07-04T15:25:09.271Z","level":"info","event":"dedupe_rule","action":"upsert_rejected","reason":"truncated_copy","id":"intel:4f411850-c3cb-4225-b92c-979365d6bdd1|unofficial_visit|2026-07-02","title":"Ayden Woodruff — Unofficial Visit"}
{"at":"2026-07-04T15:26:37.291Z","level":"info","event":"dedupe_rule","action":"upsert_rejected","reason":"duplicate_url","id":"gators-online_d046b2e5-baf0-4fc6-a42d-6bb713c855d7","duplicateOf":"gators-online_ecde34a6-2304-4467-ace8-837a4899448b","hash":"1fe1c83e6227b6bfed4af3cde5defa35f4a8891dda8f80ccab846d1be4d1f733","title":"New episode: Gators Online Podcast — Ep. 190: Takeaways from Florida&apos;s roster in CFB 27 | Gators Online Show"}
{"at":"2026-07-04T15:27:37.850Z","level":"info","event":"dedupe_rule","action":"upsert_rejected","reason":"duplicate_url","id":"intel:179743|target_update|2026-07-04","duplicateOf":"commit:chancellor-campbell|florida|2025-06-08","hash":"10d3671abee4a9fc6130ba2f40f885e4351773e86ad8953af61442990fb535f2","title":"Chancellor Campbell — intel"}
{"at":"2026-07-04T15:27:37.872Z","level":"info","event":"dedupe_rule","action":"upsert_rejected","reason":"duplicate_url","id":"intel:236347|target_update|2026-07-04","duplicateOf":"commit:desmond-green|florida|2025-06-26","hash":"35f12164bb9cb685fdc3ae9007e0f48a3d99468bf0c5bcb44da35021d946b5e3","title":"Desmond Green — intel"}
{"at":"2026-07-04T15:27:37.891Z","level":"info","event":"dedupe_rule","action":"upsert_rejected","reason":"duplicate_url","id":"intel:243619|target_update|2026-07-04","duplicateOf":"commit:javarii-luckas|florida|2025-06-16","hash":"39c3a54905c701ce4d050c6db952b56b58a66ec7fcee70d0c5aa468b41e1bc9e","title":"Javarii Luckas — intel"}
{"at":"2026-07-04T15:27:37.909Z","level":"info","event":"dedupe_rule","action":"upsert_rejected","reason":"duplicate_url","id":"intel:260787|target_update|2026-07-04","duplicateOf":"commit:eric-parks|florida|","hash":"8208c24c9a4617c943c0b02a1e138e58e44f5e048b6793139d96ba40b68bf509","title":"Eric Parks — intel"}
{"at":"2026-07-04T15:27:37.927Z","level":"info","event":"dedupe_rule","action":"upsert_rejected","reason":"duplicate_url","id":"intel:284115|target_update|2026-07-04","duplicateOf":"commit:armani-strong|florida|2026-06-28","hash":"f2f83cf1adffb6d6f22adea7078c1c2342ccb76d8a9cc03727451f4cb83d5354","title":"Armani Strong — intel"}
{"at":"2026-07-04T15:28:03.706Z","level":"info","event":"dedupe_rule","action":"upsert_rejected","reason":"duplicate_url","id":"intel:250285|target_update|2026-06-29","duplicateOf":"intel:250285|official_visit|2026-07-01","hash":"117046ac2a5dbbdff625396534e9f8b8757e7cac42a19a1cb5536ba847620732","title":"Marquis Evans — Recruiting intel"}
{"at":"2026-07-04T15:28:03.719Z","level":"info","event":"dedupe_rule","action":"upsert_rejected","reason":"duplicate_url","id":"intel:250285|target_update|2026-06-29","duplicateOf":"intel:250285|official_visit|2026-07-01","hash":"62dc0b7c2e548d1db6629074f22619263a9d4e5239265f00649a73b78349950b","title":"Marquis Evans — intel"}
{"at":"2026-07-04T15:28:07.482Z","level":"info","event":"dedupe_rule","action":"upsert_rejected","reason":"duplicate_url","id":"intel:250285|target_update|2026-06-29","duplicateOf":"intel:250285|official_visit|2026-07-01","hash":"62dc0b7c2e548d1db6629074f22619263a9d4e5239265f00649a73b78349950b","title":"Marquis Evans — intel"}
{"at":"2026-07-04T15:28:07.761Z","level":"info","event":"dedupe_rule","action":"upsert_rejected","reason":"duplicate_url","id":"intel:phil-trautwein|target_update|2026-06-30","duplicateOf":"intel:39c09d7d-0df3-45a5-a3bb-1667aec1495f|target_update|2026-06-30","hash":"2a1475784ce59c2ddb9918139f00c41827e5e761ceeb6ce441c8d7a91c945ec3","title":"Phil Trautwein — Recruiting intel"}
{"at":"2026-07-04T15:28:08.296Z","level":"info","event":"dedupe_rule","action":"upsert_rejected","reason":"truncated_copy","id":"intel:259645|target_update|2026-07-01","title":"Joey Fleming — intel"}
{"at":"2026-07-04T15:28:09.995Z","level":"info","event":"dedupe_rule","action":"upsert_rejected","reason":"truncated_copy","id":"intel:259645|target_update|2026-07-01","title":"Joey Fleming — Recruiting intel"}
{"at":"2026-07-04T15:28:10.007Z","level":"info","event":"dedupe_rule","action":"upsert_rejected","reason":"truncated_copy","id":"intel:259645|target_update|2026-07-01","title":"Joey Fleming — intel"}
{"at":"2026-07-04T15:28:10.018Z","level":"info","event":"dedupe_rule","action":"upsert_rejected","reason":"truncated_copy","id":"intel:259645|target_update|2026-07-01","title":"Joey Fleming — Recruiting intel"}
{"at":"2026-07-04T15:28:10.031Z","level":"info","event":"dedupe_rule","action":"upsert_rejected","reason":"duplicate_url","id":"intel:145026|target_update|2026-07-01","duplicateOf":"commit:145026|florida|2026-01-05","hash":"15bd845902b53f63c32a0951e4934a028bbe080c6929c9063f7994f57cb764b9","title":"DK Kalu — intel"}
{"at":"2026-07-04T15:28:10.046Z","level":"info","event":"dedupe_rule","action":"upsert_rejected","reason":"truncated_copy","id":"intel:4f411850-c3cb-4225-b92c-979365d6bdd1|unofficial_visit|2026-07-02","title":"Ayden Woodruff — Unofficial Visit"}
{"at":"2026-07-04T15:29:14.834Z","level":"info","event":"dedupe_rule","action":"upsert_rejected","reason":"duplicate_url","id":"gators-online_d046b2e5-baf0-4fc6-a42d-6bb713c855d7","duplicateOf":"gators-online_ecde34a6-2304-4467-ace8-837a4899448b","hash":"1fe1c83e6227b6bfed4af3cde5defa35f4a8891dda8f80ccab846d1be4d1f733","title":"New episode: Gators Online Podcast — Ep. 190: Takeaways from Florida&apos;s roster in CFB 27 | Gators Online Show"}
{"at":"2026-07-04T15:30:33.340Z","level":"info","event":"dedupe_rule","action":"upsert_rejected","reason":"duplicate_url","id":"intel:179743|target_update|2026-07-04","duplicateOf":"commit:chancellor-campbell|florida|2025-06-08","hash":"10d3671abee4a9fc6130ba2f40f885e4351773e86ad8953af61442990fb535f2","title":"Chancellor Campbell — intel"}
{"at":"2026-07-04T15:30:33.352Z","level":"info","event":"dedupe_rule","action":"upsert_rejected","reason":"duplicate_url","id":"intel:236347|target_update|2026-07-04","duplicateOf":"commit:desmond-green|florida|2025-06-26","hash":"35f12164bb9cb685fdc3ae9007e0f48a3d99468bf0c5bcb44da35021d946b5e3","title":"Desmond Green — intel"}
{"at":"2026-07-04T15:30:33.361Z","level":"info","event":"dedupe_rule","action":"upsert_rejected","reason":"duplicate_url","id":"intel:243619|target_update|2026-07-04","duplicateOf":"commit:javarii-luckas|florida|2025-06-16","hash":"39c3a54905c701ce4d050c6db952b56b58a66ec7fcee70d0c5aa468b41e1bc9e","title":"Javarii Luckas — intel"}
{"at":"2026-07-04T15:30:33.372Z","level":"info","event":"dedupe_rule","action":"upsert_rejected","reason":"duplicate_url","id":"intel:260787|target_update|2026-07-04","duplicateOf":"commit:eric-parks|florida|2026-02-05","hash":"8208c24c9a4617c943c0b02a1e138e58e44f5e048b6793139d96ba40b68bf509","title":"Eric Parks — intel"}
{"at":"2026-07-04T15:30:33.382Z","level":"info","event":"dedupe_rule","action":"upsert_rejected","reason":"duplicate_url","id":"intel:284115|target_update|2026-07-04","duplicateOf":"commit:armani-strong|florida|2026-06-28","hash":"f2f83cf1adffb6d6f22adea7078c1c2342ccb76d8a9cc03727451f4cb83d5354","title":"Armani Strong — intel"}
{"at":"2026-07-04T15:30:48.341Z","level":"info","event":"dedupe_rule","action":"upsert_rejected","reason":"duplicate_url","id":"intel:250285|target_update|2026-06-29","duplicateOf":"intel:250285|official_visit|2026-07-01","hash":"117046ac2a5dbbdff625396534e9f8b8757e7cac42a19a1cb5536ba847620732","title":"Marquis Evans — Recruiting intel"}
{"at":"2026-07-04T15:30:48.351Z","level":"info","event":"dedupe_rule","action":"upsert_rejected","reason":"duplicate_url","id":"intel:250285|target_update|2026-06-29","duplicateOf":"intel:250285|official_visit|2026-07-01","hash":"62dc0b7c2e548d1db6629074f22619263a9d4e5239265f00649a73b78349950b","title":"Marquis Evans — intel"}
{"at":"2026-07-04T15:30:52.066Z","level":"info","event":"dedupe_rule","action":"upsert_rejected","reason":"duplicate_url","id":"intel:250285|target_update|2026-06-29","duplicateOf":"intel:250285|official_visit|2026-07-01","hash":"62dc0b7c2e548d1db6629074f22619263a9d4e5239265f00649a73b78349950b","title":"Marquis Evans — intel"}
{"at":"2026-07-04T15:30:52.325Z","level":"info","event":"dedupe_rule","action":"upsert_rejected","reason":"duplicate_url","id":"intel:phil-trautwein|target_update|2026-06-30","duplicateOf":"intel:39c09d7d-0df3-45a5-a3bb-1667aec1495f|target_update|2026-06-30","hash":"2a1475784ce59c2ddb9918139f00c41827e5e761ceeb6ce441c8d7a91c945ec3","title":"Phil Trautwein — Recruiting intel"}
{"at":"2026-07-04T15:30:52.821Z","level":"info","event":"dedupe_rule","action":"upsert_rejected","reason":"truncated_copy","id":"intel:259645|target_update|2026-07-01","title":"Joey Fleming — intel"}
{"at":"2026-07-04T15:30:54.300Z","level":"info","event":"dedupe_rule","action":"upsert_rejected","reason":"truncated_copy","id":"intel:259645|target_update|2026-07-01","title":"Joey Fleming — Recruiting intel"}
{"at":"2026-07-04T15:30:54.311Z","level":"info","event":"dedupe_rule","action":"upsert_rejected","reason":"truncated_copy","id":"intel:259645|target_update|2026-07-01","title":"Joey Fleming — intel"}
{"at":"2026-07-04T15:30:54.322Z","level":"info","event":"dedupe_rule","action":"upsert_rejected","reason":"truncated_copy","id":"intel:259645|target_update|2026-07-01","title":"Joey Fleming — Recruiting intel"}
{"at":"2026-07-04T15:30:54.333Z","level":"info","event":"dedupe_rule","action":"upsert_rejected","reason":"duplicate_url","id":"intel:145026|target_update|2026-07-01","duplicateOf":"commit:145026|florida|2026-01-05","hash":"15bd845902b53f63c32a0951e4934a028bbe080c6929c9063f7994f57cb764b9","title":"DK Kalu — intel"}
{"at":"2026-07-04T15:30:54.348Z","level":"info","event":"dedupe_rule","action":"upsert_rejected","reason":"truncated_copy","id":"intel:4f411850-c3cb-4225-b92c-979365d6bdd1|unofficial_visit|2026-07-02","title":"Ayden Woodruff — Unofficial Visit"}
{"at":"2026-07-04T15:33:39.862Z","level":"info","event":"dedupe_rule","action":"upsert_rejected","reason":"duplicate_url","id":"intel:179743|target_update|2026-07-04","duplicateOf":"commit:chancellor-campbell|florida|2025-06-08","hash":"efb9cec273164039f36e9730cf42db30e7466c92c2694c826c426c38831b1d98","title":"Chancellor Campbell — intel"}
{"at":"2026-07-04T15:33:39.891Z","level":"info","event":"dedupe_rule","action":"upsert_rejected","reason":"duplicate_url","id":"intel:236347|target_update|2026-07-04","duplicateOf":"commit:desmond-green|florida|2025-06-26","hash":"35f12164bb9cb685fdc3ae9007e0f48a3d99468bf0c5bcb44da35021d946b5e3","title":"Desmond Green — intel"}
{"at":"2026-07-04T15:33:39.909Z","level":"info","event":"dedupe_rule","action":"upsert_rejected","reason":"duplicate_url","id":"intel:243619|target_update|2026-07-04","duplicateOf":"commit:javarii-luckas|florida|2025-06-16","hash":"39c3a54905c701ce4d050c6db952b56b58a66ec7fcee70d0c5aa468b41e1bc9e","title":"Javarii Luckas — intel"}
{"at":"2026-07-04T15:33:39.929Z","level":"info","event":"dedupe_rule","action":"upsert_rejected","reason":"duplicate_url","id":"intel:260787|target_update|2026-07-04","duplicateOf":"commit:eric-parks|florida|2026-02-05","hash":"8208c24c9a4617c943c0b02a1e138e58e44f5e048b6793139d96ba40b68bf509","title":"Eric Parks — intel"}
{"at":"2026-07-04T15:33:39.945Z","level":"info","event":"dedupe_rule","action":"upsert_rejected","reason":"duplicate_url","id":"intel:284115|target_update|2026-07-04","duplicateOf":"commit:armani-strong|florida|2026-06-28","hash":"f2f83cf1adffb6d6f22adea7078c1c2342ccb76d8a9cc03727451f4cb83d5354","title":"Armani Strong — intel"}
{"at":"2026-07-04T15:34:09.699Z","level":"info","event":"dedupe_rule","action":"upsert_rejected","reason":"duplicate_url","id":"intel:250285|target_update|2026-06-29","duplicateOf":"intel:250285|official_visit|2026-07-01","hash":"117046ac2a5dbbdff625396534e9f8b8757e7cac42a19a1cb5536ba847620732","title":"Marquis Evans — Recruiting intel"}
{"at":"2026-07-04T15:34:09.708Z","level":"info","event":"dedupe_rule","action":"upsert_rejected","reason":"duplicate_url","id":"intel:250285|target_update|2026-06-29","duplicateOf":"intel:250285|official_visit|2026-07-01","hash":"62dc0b7c2e548d1db6629074f22619263a9d4e5239265f00649a73b78349950b","title":"Marquis Evans — intel"}
{"at":"2026-07-04T15:34:15.292Z","level":"info","event":"dedupe_rule","action":"upsert_rejected","reason":"duplicate_url","id":"intel:250285|target_update|2026-06-29","duplicateOf":"intel:250285|official_visit|2026-07-01","hash":"62dc0b7c2e548d1db6629074f22619263a9d4e5239265f00649a73b78349950b","title":"Marquis Evans — intel"}
{"at":"2026-07-04T15:34:15.770Z","level":"info","event":"dedupe_rule","action":"upsert_rejected","reason":"duplicate_url","id":"intel:phil-trautwein|target_update|2026-06-30","duplicateOf":"intel:39c09d7d-0df3-45a5-a3bb-1667aec1495f|target_update|2026-06-30","hash":"2a1475784ce59c2ddb9918139f00c41827e5e761ceeb6ce441c8d7a91c945ec3","title":"Phil Trautwein — Recruiting intel"}
{"at":"2026-07-04T15:34:16.632Z","level":"info","event":"dedupe_rule","action":"upsert_rejected","reason":"truncated_copy","id":"intel:259645|target_update|2026-07-01","title":"Joey Fleming — intel"}
{"at":"2026-07-04T15:34:19.017Z","level":"info","event":"dedupe_rule","action":"upsert_rejected","reason":"truncated_copy","id":"intel:259645|target_update|2026-07-01","title":"Joey Fleming — Recruiting intel"}
{"at":"2026-07-04T15:34:19.030Z","level":"info","event":"dedupe_rule","action":"upsert_rejected","reason":"truncated_copy","id":"intel:259645|target_update|2026-07-01","title":"Joey Fleming — intel"}
{"at":"2026-07-04T15:34:19.049Z","level":"info","event":"dedupe_rule","action":"upsert_rejected","reason":"truncated_copy","id":"intel:259645|target_update|2026-07-01","title":"Joey Fleming — Recruiting intel"}
{"at":"2026-07-04T15:34:19.066Z","level":"info","event":"dedupe_rule","action":"upsert_rejected","reason":"duplicate_url","id":"intel:145026|target_update|2026-07-01","duplicateOf":"commit:145026|florida|2026-01-05","hash":"15bd845902b53f63c32a0951e4934a028bbe080c6929c9063f7994f57cb764b9","title":"DK Kalu — intel"}
{"at":"2026-07-04T15:34:19.080Z","level":"info","event":"dedupe_rule","action":"upsert_rejected","reason":"truncated_copy","id":"intel:4f411850-c3cb-4225-b92c-979365d6bdd1|unofficial_visit|2026-07-02","title":"Ayden Woodruff — Unofficial Visit"}
{"at":"2026-07-04T15:35:17.404Z","level":"info","event":"dedupe_rule","action":"upsert_rejected","reason":"duplicate_url","id":"gators-online_d046b2e5-baf0-4fc6-a42d-6bb713c855d7","duplicateOf":"gators-online_ecde34a6-2304-4467-ace8-837a4899448b","hash":"1fe1c83e6227b6bfed4af3cde5defa35f4a8891dda8f80ccab846d1be4d1f733","title":"New episode: Gators Online Podcast — Ep. 190: Takeaways from Florida&apos;s roster in CFB 27 | Gators Online Show"}
{"at":"2026-07-04T15:36:21.260Z","level":"info","event":"dedupe_rule","action":"upsert_rejected","reason":"duplicate_url","id":"gators-online_d046b2e5-baf0-4fc6-a42d-6bb713c855d7","duplicateOf":"gators-online_ecde34a6-2304-4467-ace8-837a4899448b","hash":"1fe1c83e6227b6bfed4af3cde5defa35f4a8891dda8f80ccab846d1be4d1f733","title":"New episode: Gators Online Podcast — Ep. 190: Takeaways from Florida&apos;s roster in CFB 27 | Gators Online Show"}
{"at":"2026-07-04T15:36:45.222Z","level":"info","event":"dedupe_rule","action":"upsert_rejected","reason":"duplicate_url","id":"intel:179743|target_update|2026-07-04","duplicateOf":"commit:chancellor-campbell|florida|2025-06-08","hash":"efb9cec273164039f36e9730cf42db30e7466c92c2694c826c426c38831b1d98","title":"Chancellor Campbell — intel"}
{"at":"2026-07-04T15:36:45.245Z","level":"info","event":"dedupe_rule","action":"upsert_rejected","reason":"duplicate_url","id":"intel:236347|target_update|2026-07-04","duplicateOf":"commit:desmond-green|florida|2025-06-26","hash":"35f12164bb9cb685fdc3ae9007e0f48a3d99468bf0c5bcb44da35021d946b5e3","title":"Desmond Green — intel"}
{"at":"2026-07-04T15:36:45.256Z","level":"info","event":"dedupe_rule","action":"upsert_rejected","reason":"duplicate_url","id":"intel:243619|target_update|2026-07-04","duplicateOf":"commit:javarii-luckas|florida|2025-06-16","hash":"39c3a54905c701ce4d050c6db952b56b58a66ec7fcee70d0c5aa468b41e1bc9e","title":"Javarii Luckas — intel"}
{"at":"2026-07-04T15:36:45.268Z","level":"info","event":"dedupe_rule","action":"upsert_rejected","reason":"duplicate_url","id":"intel:260787|target_update|2026-07-04","duplicateOf":"commit:eric-parks|florida|2026-02-05","hash":"8208c24c9a4617c943c0b02a1e138e58e44f5e048b6793139d96ba40b68bf509","title":"Eric Parks — intel"}
{"at":"2026-07-04T15:36:45.278Z","level":"info","event":"dedupe_rule","action":"upsert_rejected","reason":"duplicate_url","id":"intel:284115|target_update|2026-07-04","duplicateOf":"commit:armani-strong|florida|","hash":"f2f83cf1adffb6d6f22adea7078c1c2342ccb76d8a9cc03727451f4cb83d5354","title":"Armani Strong — intel"}
{"at":"2026-07-04T15:37:18.685Z","level":"info","event":"dedupe_rule","action":"upsert_rejected","reason":"duplicate_url","id":"intel:250285|target_update|2026-06-29","duplicateOf":"intel:250285|official_visit|2026-07-01","hash":"117046ac2a5dbbdff625396534e9f8b8757e7cac42a19a1cb5536ba847620732","title":"Marquis Evans — Recruiting intel"}
{"at":"2026-07-04T15:37:18.726Z","level":"info","event":"dedupe_rule","action":"upsert_rejected","reason":"duplicate_url","id":"intel:250285|target_update|2026-06-29","duplicateOf":"intel:250285|official_visit|2026-07-01","hash":"62dc0b7c2e548d1db6629074f22619263a9d4e5239265f00649a73b78349950b","title":"Marquis Evans — intel"}
{"at":"2026-07-04T15:37:24.837Z","level":"info","event":"dedupe_rule","action":"upsert_rejected","reason":"duplicate_url","id":"intel:250285|target_update|2026-06-29","duplicateOf":"intel:250285|official_visit|2026-07-01","hash":"62dc0b7c2e548d1db6629074f22619263a9d4e5239265f00649a73b78349950b","title":"Marquis Evans — intel"}
{"at":"2026-07-04T15:37:25.214Z","level":"info","event":"dedupe_rule","action":"upsert_rejected","reason":"duplicate_url","id":"intel:phil-trautwein|target_update|2026-06-30","duplicateOf":"intel:39c09d7d-0df3-45a5-a3bb-1667aec1495f|target_update|2026-06-30","hash":"2a1475784ce59c2ddb9918139f00c41827e5e761ceeb6ce441c8d7a91c945ec3","title":"Phil Trautwein — Recruiting intel"}
{"at":"2026-07-04T15:37:26.075Z","level":"info","event":"dedupe_rule","action":"upsert_rejected","reason":"truncated_copy","id":"intel:259645|target_update|2026-07-01","title":"Joey Fleming — intel"}
{"at":"2026-07-04T15:37:28.377Z","level":"info","event":"dedupe_rule","action":"upsert_rejected","reason":"truncated_copy","id":"intel:259645|target_update|2026-07-01","title":"Joey Fleming — Recruiting intel"}
{"at":"2026-07-04T15:37:28.394Z","level":"info","event":"dedupe_rule","action":"upsert_rejected","reason":"truncated_copy","id":"intel:259645|target_update|2026-07-01","title":"Joey Fleming — intel"}
{"at":"2026-07-04T15:37:28.410Z","level":"info","event":"dedupe_rule","action":"upsert_rejected","reason":"truncated_copy","id":"intel:259645|target_update|2026-07-01","title":"Joey Fleming — Recruiting intel"}
{"at":"2026-07-04T15:37:28.437Z","level":"info","event":"dedupe_rule","action":"upsert_rejected","reason":"duplicate_url","id":"intel:145026|target_update|2026-07-01","duplicateOf":"commit:145026|florida|2026-01-05","hash":"15bd845902b53f63c32a0951e4934a028bbe080c6929c9063f7994f57cb764b9","title":"DK Kalu — intel"}
{"at":"2026-07-04T15:37:28.451Z","level":"info","event":"dedupe_rule","action":"upsert_rejected","reason":"truncated_copy","id":"intel:4f411850-c3cb-4225-b92c-979365d6bdd1|unofficial_visit|2026-07-02","title":"Ayden Woodruff — Unofficial Visit"}
{"at":"2026-07-04T15:38:40.998Z","level":"info","event":"dedupe_rule","action":"upsert_rejected","reason":"duplicate_url","id":"gators-online_d046b2e5-baf0-4fc6-a42d-6bb713c855d7","duplicateOf":"gators-online_ecde34a6-2304-4467-ace8-837a4899448b","hash":"1fe1c83e6227b6bfed4af3cde5defa35f4a8891dda8f80ccab846d1be4d1f733","title":"New episode: Gators Online Podcast — Ep. 190: Takeaways from Florida&apos;s roster in CFB 27 | Gators Online Show"}
{"at":"2026-07-04T15:39:00.955Z","level":"info","event":"dedupe_rule","action":"upsert_rejected","reason":"duplicate_url","id":"gators-online_d046b2e5-baf0-4fc6-a42d-6bb713c855d7","duplicateOf":"gators-online_ecde34a6-2304-4467-ace8-837a4899448b","hash":"1fe1c83e6227b6bfed4af3cde5defa35f4a8891dda8f80ccab846d1be4d1f733","title":"New episode: Gators Online Podcast — Ep. 190: Takeaways from Florida&apos;s roster in CFB 27 | Gators Online Show"}
{"at":"2026-07-04T15:39:40.037Z","level":"info","event":"dedupe_rule","action":"upsert_rejected","reason":"duplicate_url","id":"intel:179743|target_update|2026-07-04","duplicateOf":"commit:chancellor-campbell|florida|2025-06-08","hash":"10d3671abee4a9fc6130ba2f40f885e4351773e86ad8953af61442990fb535f2","title":"Chancellor Campbell — intel"}
{"at":"2026-07-04T15:39:40.051Z","level":"info","event":"dedupe_rule","action":"upsert_rejected","reason":"duplicate_url","id":"intel:236347|target_update|2026-07-04","duplicateOf":"commit:desmond-green|florida|2025-06-26","hash":"35f12164bb9cb685fdc3ae9007e0f48a3d99468bf0c5bcb44da35021d946b5e3","title":"Desmond Green — intel"}
{"at":"2026-07-04T15:39:40.061Z","level":"info","event":"dedupe_rule","action":"upsert_rejected","reason":"duplicate_url","id":"intel:243619|target_update|2026-07-04","duplicateOf":"commit:javarii-luckas|florida|2025-06-16","hash":"39c3a54905c701ce4d050c6db952b56b58a66ec7fcee70d0c5aa468b41e1bc9e","title":"Javarii Luckas — intel"}
{"at":"2026-07-04T15:39:40.072Z","level":"info","event":"dedupe_rule","action":"upsert_rejected","reason":"duplicate_url","id":"intel:260787|target_update|2026-07-04","duplicateOf":"commit:eric-parks|florida|2026-02-05","hash":"8208c24c9a4617c943c0b02a1e138e58e44f5e048b6793139d96ba40b68bf509","title":"Eric Parks — intel"}
{"at":"2026-07-04T15:39:40.090Z","level":"info","event":"dedupe_rule","action":"upsert_rejected","reason":"duplicate_url","id":"intel:284115|target_update|2026-07-04","duplicateOf":"commit:armani-strong|florida|2026-06-28","hash":"f2f83cf1adffb6d6f22adea7078c1c2342ccb76d8a9cc03727451f4cb83d5354","title":"Armani Strong — intel"}
{"at":"2026-07-04T15:39:56.636Z","level":"info","event":"dedupe_rule","action":"upsert_rejected","reason":"duplicate_url","id":"intel:250285|target_update|2026-06-29","duplicateOf":"intel:250285|official_visit|2026-07-01","hash":"117046ac2a5dbbdff625396534e9f8b8757e7cac42a19a1cb5536ba847620732","title":"Marquis Evans — Recruiting intel"}
{"at":"2026-07-04T15:39:56.647Z","level":"info","event":"dedupe_rule","action":"upsert_rejected","reason":"duplicate_url","id":"intel:250285|target_update|2026-06-29","duplicateOf":"intel:250285|official_visit|2026-07-01","hash":"62dc0b7c2e548d1db6629074f22619263a9d4e5239265f00649a73b78349950b","title":"Marquis Evans — intel"}
{"at":"2026-07-04T15:40:00.458Z","level":"info","event":"dedupe_rule","action":"upsert_rejected","reason":"duplicate_url","id":"intel:250285|target_update|2026-06-29","duplicateOf":"intel:250285|official_visit|2026-07-01","hash":"62dc0b7c2e548d1db6629074f22619263a9d4e5239265f00649a73b78349950b","title":"Marquis Evans — intel"}
{"at":"2026-07-04T15:40:00.741Z","level":"info","event":"dedupe_rule","action":"upsert_rejected","reason":"duplicate_url","id":"intel:phil-trautwein|target_update|2026-06-30","duplicateOf":"intel:39c09d7d-0df3-45a5-a3bb-1667aec1495f|target_update|2026-06-30","hash":"2a1475784ce59c2ddb9918139f00c41827e5e761ceeb6ce441c8d7a91c945ec3","title":"Phil Trautwein — Recruiting intel"}
{"at":"2026-07-04T15:40:01.306Z","level":"info","event":"dedupe_rule","action":"upsert_rejected","reason":"truncated_copy","id":"intel:259645|target_update|2026-07-01","title":"Joey Fleming — intel"}
{"at":"2026-07-04T15:40:02.923Z","level":"info","event":"dedupe_rule","action":"upsert_rejected","reason":"truncated_copy","id":"intel:259645|target_update|2026-07-01","title":"Joey Fleming — Recruiting intel"}
{"at":"2026-07-04T15:40:02.935Z","level":"info","event":"dedupe_rule","action":"upsert_rejected","reason":"truncated_copy","id":"intel:259645|target_update|2026-07-01","title":"Joey Fleming — intel"}
{"at":"2026-07-04T15:40:02.945Z","level":"info","event":"dedupe_rule","action":"upsert_rejected","reason":"truncated_copy","id":"intel:259645|target_update|2026-07-01","title":"Joey Fleming — Recruiting intel"}
{"at":"2026-07-04T15:40:02.957Z","level":"info","event":"dedupe_rule","action":"upsert_rejected","reason":"duplicate_url","id":"intel:145026|target_update|2026-07-01","duplicateOf":"commit:145026|florida|2026-01-05","hash":"15bd845902b53f63c32a0951e4934a028bbe080c6929c9063f7994f57cb764b9","title":"DK Kalu — intel"}
{"at":"2026-07-04T15:40:02.975Z","level":"info","event":"dedupe_rule","action":"upsert_rejected","reason":"truncated_copy","id":"intel:4f411850-c3cb-4225-b92c-979365d6bdd1|unofficial_visit|2026-07-02","title":"Ayden Woodruff — Unofficial Visit"}
{"at":"2026-07-04T15:43:05.887Z","level":"info","event":"dedupe_rule","action":"upsert_rejected","reason":"duplicate_url","id":"intel:179743|target_update|2026-07-04","duplicateOf":"commit:chancellor-campbell|florida|2025-06-08","hash":"10d3671abee4a9fc6130ba2f40f885e4351773e86ad8953af61442990fb535f2","title":"Chancellor Campbell — intel"}
{"at":"2026-07-04T15:43:05.901Z","level":"info","event":"dedupe_rule","action":"upsert_rejected","reason":"duplicate_url","id":"intel:236347|target_update|2026-07-04","duplicateOf":"commit:desmond-green|florida|2025-06-26","hash":"35f12164bb9cb685fdc3ae9007e0f48a3d99468bf0c5bcb44da35021d946b5e3","title":"Desmond Green — intel"}
{"at":"2026-07-04T15:43:05.910Z","level":"info","event":"dedupe_rule","action":"upsert_rejected","reason":"duplicate_url","id":"intel:243619|target_update|2026-07-04","duplicateOf":"commit:javarii-luckas|florida|2025-06-16","hash":"39c3a54905c701ce4d050c6db952b56b58a66ec7fcee70d0c5aa468b41e1bc9e","title":"Javarii Luckas — intel"}
{"at":"2026-07-04T15:43:05.922Z","level":"info","event":"dedupe_rule","action":"upsert_rejected","reason":"duplicate_url","id":"intel:260787|target_update|2026-07-04","duplicateOf":"commit:eric-parks|florida|2026-02-05","hash":"8208c24c9a4617c943c0b02a1e138e58e44f5e048b6793139d96ba40b68bf509","title":"Eric Parks — intel"}
{"at":"2026-07-04T15:43:05.932Z","level":"info","event":"dedupe_rule","action":"upsert_rejected","reason":"duplicate_url","id":"intel:284115|target_update|2026-07-04","duplicateOf":"commit:armani-strong|florida|","hash":"f2f83cf1adffb6d6f22adea7078c1c2342ccb76d8a9cc03727451f4cb83d5354","title":"Armani Strong — intel"}
{"at":"2026-07-04T15:43:23.172Z","level":"info","event":"dedupe_rule","action":"upsert_rejected","reason":"duplicate_url","id":"intel:250285|target_update|2026-06-29","duplicateOf":"intel:250285|official_visit|2026-07-01","hash":"117046ac2a5dbbdff625396534e9f8b8757e7cac42a19a1cb5536ba847620732","title":"Marquis Evans — Recruiting intel"}
{"at":"2026-07-04T15:43:23.191Z","level":"info","event":"dedupe_rule","action":"upsert_rejected","reason":"duplicate_url","id":"intel:250285|target_update|2026-06-29","duplicateOf":"intel:250285|official_visit|2026-07-01","hash":"62dc0b7c2e548d1db6629074f22619263a9d4e5239265f00649a73b78349950b","title":"Marquis Evans — intel"}
{"at":"2026-07-04T15:43:27.417Z","level":"info","event":"dedupe_rule","action":"upsert_rejected","reason":"duplicate_url","id":"intel:250285|target_update|2026-06-29","duplicateOf":"intel:250285|official_visit|2026-07-01","hash":"62dc0b7c2e548d1db6629074f22619263a9d4e5239265f00649a73b78349950b","title":"Marquis Evans — intel"}
{"at":"2026-07-04T15:43:27.674Z","level":"info","event":"dedupe_rule","action":"upsert_rejected","reason":"duplicate_url","id":"intel:phil-trautwein|target_update|2026-06-30","duplicateOf":"intel:39c09d7d-0df3-45a5-a3bb-1667aec1495f|target_update|2026-06-30","hash":"2a1475784ce59c2ddb9918139f00c41827e5e761ceeb6ce441c8d7a91c945ec3","title":"Phil Trautwein — Recruiting intel"}
{"at":"2026-07-04T15:43:28.189Z","level":"info","event":"dedupe_rule","action":"upsert_rejected","reason":"truncated_copy","id":"intel:259645|target_update|2026-07-01","title":"Joey Fleming — intel"}
{"at":"2026-07-04T15:43:29.693Z","level":"info","event":"dedupe_rule","action":"upsert_rejected","reason":"truncated_copy","id":"intel:259645|target_update|2026-07-01","title":"Joey Fleming — Recruiting intel"}
{"at":"2026-07-04T15:43:29.701Z","level":"info","event":"dedupe_rule","action":"upsert_rejected","reason":"truncated_copy","id":"intel:259645|target_update|2026-07-01","title":"Joey Fleming — intel"}
{"at":"2026-07-04T15:43:29.709Z","level":"info","event":"dedupe_rule","action":"upsert_rejected","reason":"truncated_copy","id":"intel:259645|target_update|2026-07-01","title":"Joey Fleming — Recruiting intel"}
{"at":"2026-07-04T15:43:29.719Z","level":"info","event":"dedupe_rule","action":"upsert_rejected","reason":"duplicate_url","id":"intel:145026|target_update|2026-07-01","duplicateOf":"commit:145026|florida|2026-01-05","hash":"15bd845902b53f63c32a0951e4934a028bbe080c6929c9063f7994f57cb764b9","title":"DK Kalu — intel"}
{"at":"2026-07-04T15:43:29.729Z","level":"info","event":"dedupe_rule","action":"upsert_rejected","reason":"truncated_copy","id":"intel:4f411850-c3cb-4225-b92c-979365d6bdd1|unofficial_visit|2026-07-02","title":"Ayden Woodruff — Unofficial Visit"}
{"at":"2026-07-04T15:44:58.297Z","level":"info","event":"dedupe_rule","action":"upsert_rejected","reason":"duplicate_url","id":"gators-online_d046b2e5-baf0-4fc6-a42d-6bb713c855d7","duplicateOf":"gators-online_ecde34a6-2304-4467-ace8-837a4899448b","hash":"1fe1c83e6227b6bfed4af3cde5defa35f4a8891dda8f80ccab846d1be4d1f733","title":"New episode: Gators Online Podcast — Ep. 190: Takeaways from Florida&apos;s roster in CFB 27 | Gators Online Show"}
{"at":"2026-07-04T15:46:09.404Z","level":"info","event":"dedupe_rule","action":"upsert_rejected","reason":"duplicate_url","id":"intel:179743|target_update|2026-07-04","duplicateOf":"commit:chancellor-campbell|florida|","hash":"10d3671abee4a9fc6130ba2f40f885e4351773e86ad8953af61442990fb535f2","title":"Chancellor Campbell — intel"}
{"at":"2026-07-04T15:46:09.417Z","level":"info","event":"dedupe_rule","action":"upsert_rejected","reason":"duplicate_url","id":"intel:236347|target_update|2026-07-04","duplicateOf":"commit:desmond-green|florida|2025-06-26","hash":"35f12164bb9cb685fdc3ae9007e0f48a3d99468bf0c5bcb44da35021d946b5e3","title":"Desmond Green — intel"}
{"at":"2026-07-04T15:46:09.428Z","level":"info","event":"dedupe_rule","action":"upsert_rejected","reason":"duplicate_url","id":"intel:243619|target_update|2026-07-04","duplicateOf":"commit:javarii-luckas|florida|2025-06-16","hash":"39c3a54905c701ce4d050c6db952b56b58a66ec7fcee70d0c5aa468b41e1bc9e","title":"Javarii Luckas — intel"}
{"at":"2026-07-04T15:46:09.438Z","level":"info","event":"dedupe_rule","action":"upsert_rejected","reason":"duplicate_url","id":"intel:260787|target_update|2026-07-04","duplicateOf":"commit:eric-parks|florida|2026-02-05","hash":"8208c24c9a4617c943c0b02a1e138e58e44f5e048b6793139d96ba40b68bf509","title":"Eric Parks — intel"}
{"at":"2026-07-04T15:46:09.447Z","level":"info","event":"dedupe_rule","action":"upsert_rejected","reason":"duplicate_url","id":"intel:284115|target_update|2026-07-04","duplicateOf":"commit:armani-strong|florida|2026-06-28","hash":"f2f83cf1adffb6d6f22adea7078c1c2342ccb76d8a9cc03727451f4cb83d5354","title":"Armani Strong — intel"}
{"at":"2026-07-04T15:46:32.979Z","level":"info","event":"dedupe_rule","action":"upsert_rejected","reason":"duplicate_url","id":"intel:250285|target_update|2026-06-29","duplicateOf":"intel:250285|official_visit|2026-07-01","hash":"117046ac2a5dbbdff625396534e9f8b8757e7cac42a19a1cb5536ba847620732","title":"Marquis Evans — Recruiting intel"}
{"at":"2026-07-04T15:46:32.987Z","level":"info","event":"dedupe_rule","action":"upsert_rejected","reason":"duplicate_url","id":"intel:250285|target_update|2026-06-29","duplicateOf":"intel:250285|official_visit|2026-07-01","hash":"62dc0b7c2e548d1db6629074f22619263a9d4e5239265f00649a73b78349950b","title":"Marquis Evans — intel"}
{"at":"2026-07-04T15:46:37.386Z","level":"info","event":"dedupe_rule","action":"upsert_rejected","reason":"duplicate_url","id":"intel:250285|target_update|2026-06-29","duplicateOf":"intel:250285|official_visit|2026-07-01","hash":"62dc0b7c2e548d1db6629074f22619263a9d4e5239265f00649a73b78349950b","title":"Marquis Evans — intel"}
{"at":"2026-07-04T15:46:37.779Z","level":"info","event":"dedupe_rule","action":"upsert_rejected","reason":"duplicate_url","id":"intel:phil-trautwein|target_update|2026-06-30","duplicateOf":"intel:39c09d7d-0df3-45a5-a3bb-1667aec1495f|target_update|2026-06-30","hash":"2a1475784ce59c2ddb9918139f00c41827e5e761ceeb6ce441c8d7a91c945ec3","title":"Phil Trautwein — Recruiting intel"}
{"at":"2026-07-04T15:46:38.701Z","level":"info","event":"dedupe_rule","action":"upsert_rejected","reason":"truncated_copy","id":"intel:259645|target_update|2026-07-01","title":"Joey Fleming — intel"}
{"at":"2026-07-04T15:46:42.206Z","level":"info","event":"dedupe_rule","action":"upsert_rejected","reason":"truncated_copy","id":"intel:259645|target_update|2026-07-01","title":"Joey Fleming — Recruiting intel"}
{"at":"2026-07-04T15:46:42.217Z","level":"info","event":"dedupe_rule","action":"upsert_rejected","reason":"truncated_copy","id":"intel:259645|target_update|2026-07-01","title":"Joey Fleming — intel"}
{"at":"2026-07-04T15:46:42.230Z","level":"info","event":"dedupe_rule","action":"upsert_rejected","reason":"truncated_copy","id":"intel:259645|target_update|2026-07-01","title":"Joey Fleming — Recruiting intel"}
{"at":"2026-07-04T15:46:42.249Z","level":"info","event":"dedupe_rule","action":"upsert_rejected","reason":"duplicate_url","id":"intel:145026|target_update|2026-07-01","duplicateOf":"commit:145026|florida|2026-01-05","hash":"15bd845902b53f63c32a0951e4934a028bbe080c6929c9063f7994f57cb764b9","title":"DK Kalu — intel"}
{"at":"2026-07-04T15:46:42.262Z","level":"info","event":"dedupe_rule","action":"upsert_rejected","reason":"truncated_copy","id":"intel:4f411850-c3cb-4225-b92c-979365d6bdd1|unofficial_visit|2026-07-02","title":"Ayden Woodruff — Unofficial Visit"}
{"at":"2026-07-04T15:48:24.680Z","level":"info","event":"dedupe_rule","action":"upsert_rejected","reason":"duplicate_url","id":"gators-online_d046b2e5-baf0-4fc6-a42d-6bb713c855d7","duplicateOf":"gators-online_ecde34a6-2304-4467-ace8-837a4899448b","hash":"1fe1c83e6227b6bfed4af3cde5defa35f4a8891dda8f80ccab846d1be4d1f733","title":"New episode: Gators Online Podcast — Ep. 190: Takeaways from Florida&apos;s roster in CFB 27 | Gators Online Show"}
{"at":"2026-07-04T15:49:11.216Z","level":"info","event":"dedupe_rule","action":"upsert_rejected","reason":"duplicate_url","id":"intel:179743|target_update|2026-07-04","duplicateOf":"commit:chancellor-campbell|florida|","hash":"10d3671abee4a9fc6130ba2f40f885e4351773e86ad8953af61442990fb535f2","title":"Chancellor Campbell — intel"}
{"at":"2026-07-04T15:49:11.235Z","level":"info","event":"dedupe_rule","action":"upsert_rejected","reason":"duplicate_url","id":"intel:236347|target_update|2026-07-04","duplicateOf":"commit:desmond-green|florida|2025-06-26","hash":"35f12164bb9cb685fdc3ae9007e0f48a3d99468bf0c5bcb44da35021d946b5e3","title":"Desmond Green — intel"}
{"at":"2026-07-04T15:49:11.252Z","level":"info","event":"dedupe_rule","action":"upsert_rejected","reason":"duplicate_url","id":"intel:243619|target_update|2026-07-04","duplicateOf":"commit:javarii-luckas|florida|2025-06-16","hash":"39c3a54905c701ce4d050c6db952b56b58a66ec7fcee70d0c5aa468b41e1bc9e","title":"Javarii Luckas — intel"}
{"at":"2026-07-04T15:49:11.275Z","level":"info","event":"dedupe_rule","action":"upsert_rejected","reason":"duplicate_url","id":"intel:260787|target_update|2026-07-04","duplicateOf":"commit:eric-parks|florida|2026-02-05","hash":"8208c24c9a4617c943c0b02a1e138e58e44f5e048b6793139d96ba40b68bf509","title":"Eric Parks — intel"}
{"at":"2026-07-04T15:49:11.290Z","level":"info","event":"dedupe_rule","action":"upsert_rejected","reason":"duplicate_url","id":"intel:284115|target_update|2026-07-04","duplicateOf":"commit:armani-strong|florida|","hash":"f2f83cf1adffb6d6f22adea7078c1c2342ccb76d8a9cc03727451f4cb83d5354","title":"Armani Strong — intel"}
{"at":"2026-07-04T15:49:35.700Z","level":"info","event":"dedupe_rule","action":"upsert_rejected","reason":"duplicate_url","id":"intel:250285|target_update|2026-06-29","duplicateOf":"intel:250285|official_visit|2026-07-01","hash":"117046ac2a5dbbdff625396534e9f8b8757e7cac42a19a1cb5536ba847620732","title":"Marquis Evans — Recruiting intel"}
{"at":"2026-07-04T15:49:35.721Z","level":"info","event":"dedupe_rule","action":"upsert_rejected","reason":"duplicate_url","id":"intel:250285|target_update|2026-06-29","duplicateOf":"intel:250285|official_visit|2026-07-01","hash":"62dc0b7c2e548d1db6629074f22619263a9d4e5239265f00649a73b78349950b","title":"Marquis Evans — intel"}
{"at":"2026-07-04T15:49:40.567Z","level":"info","event":"dedupe_rule","action":"upsert_rejected","reason":"duplicate_url","id":"intel:250285|target_update|2026-06-29","duplicateOf":"intel:250285|official_visit|2026-07-01","hash":"62dc0b7c2e548d1db6629074f22619263a9d4e5239265f00649a73b78349950b","title":"Marquis Evans — intel"}
{"at":"2026-07-04T15:49:40.850Z","level":"info","event":"dedupe_rule","action":"upsert_rejected","reason":"duplicate_url","id":"intel:phil-trautwein|target_update|2026-06-30","duplicateOf":"intel:39c09d7d-0df3-45a5-a3bb-1667aec1495f|target_update|2026-06-30","hash":"2a1475784ce59c2ddb9918139f00c41827e5e761ceeb6ce441c8d7a91c945ec3","title":"Phil Trautwein — Recruiting intel"}
{"at":"2026-07-04T15:49:41.413Z","level":"info","event":"dedupe_rule","action":"upsert_rejected","reason":"truncated_copy","id":"intel:259645|target_update|2026-07-01","title":"Joey Fleming — intel"}
{"at":"2026-07-04T15:49:43.567Z","level":"info","event":"dedupe_rule","action":"upsert_rejected","reason":"truncated_copy","id":"intel:259645|target_update|2026-07-01","title":"Joey Fleming — Recruiting intel"}
{"at":"2026-07-04T15:49:43.589Z","level":"info","event":"dedupe_rule","action":"upsert_rejected","reason":"truncated_copy","id":"intel:259645|target_update|2026-07-01","title":"Joey Fleming — intel"}
{"at":"2026-07-04T15:49:43.609Z","level":"info","event":"dedupe_rule","action":"upsert_rejected","reason":"truncated_copy","id":"intel:259645|target_update|2026-07-01","title":"Joey Fleming — Recruiting intel"}
{"at":"2026-07-04T15:49:43.633Z","level":"info","event":"dedupe_rule","action":"upsert_rejected","reason":"duplicate_url","id":"intel:145026|target_update|2026-07-01","duplicateOf":"commit:145026|florida|2026-01-05","hash":"15bd845902b53f63c32a0951e4934a028bbe080c6929c9063f7994f57cb764b9","title":"DK Kalu — intel"}
{"at":"2026-07-04T15:49:43.652Z","level":"info","event":"dedupe_rule","action":"upsert_rejected","reason":"truncated_copy","id":"intel:4f411850-c3cb-4225-b92c-979365d6bdd1|unofficial_visit|2026-07-02","title":"Ayden Woodruff — Unofficial Visit"}
{"at":"2026-07-04T15:53:29.261Z","level":"info","event":"dedupe_rule","action":"upsert_rejected","reason":"duplicate_url","id":"intel:179743|target_update|2026-07-04","duplicateOf":"commit:chancellor-campbell|florida|","hash":"10d3671abee4a9fc6130ba2f40f885e4351773e86ad8953af61442990fb535f2","title":"Chancellor Campbell — intel"}
{"at":"2026-07-04T15:53:29.298Z","level":"info","event":"dedupe_rule","action":"upsert_rejected","reason":"duplicate_url","id":"intel:236347|target_update|2026-07-04","duplicateOf":"commit:desmond-green|florida|2025-06-26","hash":"35f12164bb9cb685fdc3ae9007e0f48a3d99468bf0c5bcb44da35021d946b5e3","title":"Desmond Green — intel"}
{"at":"2026-07-04T15:53:29.315Z","level":"info","event":"dedupe_rule","action":"upsert_rejected","reason":"duplicate_url","id":"intel:243619|target_update|2026-07-04","duplicateOf":"commit:javarii-luckas|florida|2025-06-16","hash":"39c3a54905c701ce4d050c6db952b56b58a66ec7fcee70d0c5aa468b41e1bc9e","title":"Javarii Luckas — intel"}
{"at":"2026-07-04T15:53:29.339Z","level":"info","event":"dedupe_rule","action":"upsert_rejected","reason":"duplicate_url","id":"intel:260787|target_update|2026-07-04","duplicateOf":"commit:eric-parks|florida|2026-02-05","hash":"8208c24c9a4617c943c0b02a1e138e58e44f5e048b6793139d96ba40b68bf509","title":"Eric Parks — intel"}
{"at":"2026-07-04T15:53:29.353Z","level":"info","event":"dedupe_rule","action":"upsert_rejected","reason":"duplicate_url","id":"intel:284115|target_update|2026-07-04","duplicateOf":"commit:armani-strong|florida|","hash":"f2f83cf1adffb6d6f22adea7078c1c2342ccb76d8a9cc03727451f4cb83d5354","title":"Armani Strong — intel"}
{"at":"2026-07-04T15:53:57.525Z","level":"info","event":"dedupe_rule","action":"upsert_rejected","reason":"duplicate_url","id":"intel:250285|target_update|2026-06-29","duplicateOf":"intel:250285|official_visit|2026-07-01","hash":"117046ac2a5dbbdff625396534e9f8b8757e7cac42a19a1cb5536ba847620732","title":"Marquis Evans — Recruiting intel"}
{"at":"2026-07-04T15:53:57.563Z","level":"info","event":"dedupe_rule","action":"upsert_rejected","reason":"duplicate_url","id":"intel:250285|target_update|2026-06-29","duplicateOf":"intel:250285|official_visit|2026-07-01","hash":"62dc0b7c2e548d1db6629074f22619263a9d4e5239265f00649a73b78349950b","title":"Marquis Evans — intel"}
{"at":"2026-07-04T15:54:04.437Z","level":"info","event":"dedupe_rule","action":"upsert_rejected","reason":"duplicate_url","id":"intel:250285|target_update|2026-06-29","duplicateOf":"intel:250285|official_visit|2026-07-01","hash":"62dc0b7c2e548d1db6629074f22619263a9d4e5239265f00649a73b78349950b","title":"Marquis Evans — intel"}
{"at":"2026-07-04T15:54:04.858Z","level":"info","event":"dedupe_rule","action":"upsert_rejected","reason":"duplicate_url","id":"intel:phil-trautwein|target_update|2026-06-30","duplicateOf":"intel:39c09d7d-0df3-45a5-a3bb-1667aec1495f|target_update|2026-06-30","hash":"2a1475784ce59c2ddb9918139f00c41827e5e761ceeb6ce441c8d7a91c945ec3","title":"Phil Trautwein — Recruiting intel"}
{"at":"2026-07-04T15:54:05.680Z","level":"info","event":"dedupe_rule","action":"upsert_rejected","reason":"truncated_copy","id":"intel:259645|target_update|2026-07-01","title":"Joey Fleming — intel"}
{"at":"2026-07-04T15:54:08.119Z","level":"info","event":"dedupe_rule","action":"upsert_rejected","reason":"truncated_copy","id":"intel:259645|target_update|2026-07-01","title":"Joey Fleming — Recruiting intel"}
{"at":"2026-07-04T15:54:08.135Z","level":"info","event":"dedupe_rule","action":"upsert_rejected","reason":"truncated_copy","id":"intel:259645|target_update|2026-07-01","title":"Joey Fleming — intel"}
{"at":"2026-07-04T15:54:08.150Z","level":"info","event":"dedupe_rule","action":"upsert_rejected","reason":"truncated_copy","id":"intel:259645|target_update|2026-07-01","title":"Joey Fleming — Recruiting intel"}
{"at":"2026-07-04T15:54:08.167Z","level":"info","event":"dedupe_rule","action":"upsert_rejected","reason":"duplicate_url","id":"intel:145026|target_update|2026-07-01","duplicateOf":"commit:145026|florida|2026-01-05","hash":"15bd845902b53f63c32a0951e4934a028bbe080c6929c9063f7994f57cb764b9","title":"DK Kalu — intel"}
{"at":"2026-07-04T15:54:08.181Z","level":"info","event":"dedupe_rule","action":"upsert_rejected","reason":"truncated_copy","id":"intel:4f411850-c3cb-4225-b92c-979365d6bdd1|unofficial_visit|2026-07-02","title":"Ayden Woodruff — Unofficial Visit"}
{"at":"2026-07-04T15:55:36.390Z","level":"info","event":"dedupe_rule","action":"upsert_rejected","reason":"duplicate_url","id":"gators-online_d046b2e5-baf0-4fc6-a42d-6bb713c855d7","duplicateOf":"gators-online_ecde34a6-2304-4467-ace8-837a4899448b","hash":"1fe1c83e6227b6bfed4af3cde5defa35f4a8891dda8f80ccab846d1be4d1f733","title":"New episode: Gators Online Podcast — Ep. 190: Takeaways from Florida&apos;s roster in CFB 27 | Gators Online Show"}
{"at":"2026-07-04T15:56:27.582Z","level":"info","event":"dedupe_rule","action":"upsert_rejected","reason":"duplicate_url","id":"intel:179743|target_update|2026-07-04","duplicateOf":"commit:chancellor-campbell|florida|2025-06-08","hash":"10d3671abee4a9fc6130ba2f40f885e4351773e86ad8953af61442990fb535f2","title":"Chancellor Campbell — intel"}
{"at":"2026-07-04T15:56:27.602Z","level":"info","event":"dedupe_rule","action":"upsert_rejected","reason":"duplicate_url","id":"intel:236347|target_update|2026-07-04","duplicateOf":"commit:desmond-green|florida|2025-06-26","hash":"35f12164bb9cb685fdc3ae9007e0f48a3d99468bf0c5bcb44da35021d946b5e3","title":"Desmond Green — intel"}
{"at":"2026-07-04T15:56:27.620Z","level":"info","event":"dedupe_rule","action":"upsert_rejected","reason":"duplicate_url","id":"intel:243619|target_update|2026-07-04","duplicateOf":"commit:javarii-luckas|florida|2025-06-16","hash":"39c3a54905c701ce4d050c6db952b56b58a66ec7fcee70d0c5aa468b41e1bc9e","title":"Javarii Luckas — intel"}
{"at":"2026-07-04T15:56:27.635Z","level":"info","event":"dedupe_rule","action":"upsert_rejected","reason":"duplicate_url","id":"intel:260787|target_update|2026-07-04","duplicateOf":"commit:eric-parks|florida|2026-02-05","hash":"8208c24c9a4617c943c0b02a1e138e58e44f5e048b6793139d96ba40b68bf509","title":"Eric Parks — intel"}
{"at":"2026-07-04T15:56:27.650Z","level":"info","event":"dedupe_rule","action":"upsert_rejected","reason":"duplicate_url","id":"intel:284115|target_update|2026-07-04","duplicateOf":"commit:armani-strong|florida|2026-06-28","hash":"f2f83cf1adffb6d6f22adea7078c1c2342ccb76d8a9cc03727451f4cb83d5354","title":"Armani Strong — intel"}
{"at":"2026-07-04T15:56:52.491Z","level":"info","event":"dedupe_rule","action":"upsert_rejected","reason":"duplicate_url","id":"intel:250285|target_update|2026-06-29","duplicateOf":"intel:250285|official_visit|2026-07-01","hash":"117046ac2a5dbbdff625396534e9f8b8757e7cac42a19a1cb5536ba847620732","title":"Marquis Evans — Recruiting intel"}
{"at":"2026-07-04T15:56:52.529Z","level":"info","event":"dedupe_rule","action":"upsert_rejected","reason":"duplicate_url","id":"intel:250285|target_update|2026-06-29","duplicateOf":"intel:250285|official_visit|2026-07-01","hash":"62dc0b7c2e548d1db6629074f22619263a9d4e5239265f00649a73b78349950b","title":"Marquis Evans — intel"}
{"at":"2026-07-04T15:56:57.852Z","level":"info","event":"dedupe_rule","action":"upsert_rejected","reason":"duplicate_url","id":"intel:250285|target_update|2026-06-29","duplicateOf":"intel:250285|official_visit|2026-07-01","hash":"62dc0b7c2e548d1db6629074f22619263a9d4e5239265f00649a73b78349950b","title":"Marquis Evans — intel"}
{"at":"2026-07-04T15:56:58.243Z","level":"info","event":"dedupe_rule","action":"upsert_rejected","reason":"duplicate_url","id":"intel:phil-trautwein|target_update|2026-06-30","duplicateOf":"intel:39c09d7d-0df3-45a5-a3bb-1667aec1495f|target_update|2026-06-30","hash":"2a1475784ce59c2ddb9918139f00c41827e5e761ceeb6ce441c8d7a91c945ec3","title":"Phil Trautwein — Recruiting intel"}
{"at":"2026-07-04T15:56:58.948Z","level":"info","event":"dedupe_rule","action":"upsert_rejected","reason":"truncated_copy","id":"intel:259645|target_update|2026-07-01","title":"Joey Fleming — intel"}
{"at":"2026-07-04T15:57:00.796Z","level":"info","event":"dedupe_rule","action":"upsert_rejected","reason":"truncated_copy","id":"intel:259645|target_update|2026-07-01","title":"Joey Fleming — Recruiting intel"}
{"at":"2026-07-04T15:57:00.811Z","level":"info","event":"dedupe_rule","action":"upsert_rejected","reason":"truncated_copy","id":"intel:259645|target_update|2026-07-01","title":"Joey Fleming — intel"}
{"at":"2026-07-04T15:57:00.822Z","level":"info","event":"dedupe_rule","action":"upsert_rejected","reason":"truncated_copy","id":"intel:259645|target_update|2026-07-01","title":"Joey Fleming — Recruiting intel"}
{"at":"2026-07-04T15:57:00.838Z","level":"info","event":"dedupe_rule","action":"upsert_rejected","reason":"duplicate_url","id":"intel:145026|target_update|2026-07-01","duplicateOf":"commit:145026|florida|2026-01-05","hash":"15bd845902b53f63c32a0951e4934a028bbe080c6929c9063f7994f57cb764b9","title":"DK Kalu — intel"}
{"at":"2026-07-04T15:57:00.853Z","level":"info","event":"dedupe_rule","action":"upsert_rejected","reason":"truncated_copy","id":"intel:4f411850-c3cb-4225-b92c-979365d6bdd1|unofficial_visit|2026-07-02","title":"Ayden Woodruff — Unofficial Visit"}
{"at":"2026-07-04T15:58:42.402Z","level":"info","event":"dedupe_rule","action":"upsert_rejected","reason":"duplicate_url","id":"gators-online_d046b2e5-baf0-4fc6-a42d-6bb713c855d7","duplicateOf":"gators-online_ecde34a6-2304-4467-ace8-837a4899448b","hash":"1fe1c83e6227b6bfed4af3cde5defa35f4a8891dda8f80ccab846d1be4d1f733","title":"New episode: Gators Online Podcast — Ep. 190: Takeaways from Florida&apos;s roster in CFB 27 | Gators Online Show"}
{"at":"2026-07-04T15:59:32.922Z","level":"info","event":"dedupe_rule","action":"upsert_rejected","reason":"duplicate_url","id":"intel:179743|target_update|2026-07-04","duplicateOf":"commit:chancellor-campbell|florida|2025-06-08","hash":"10d3671abee4a9fc6130ba2f40f885e4351773e86ad8953af61442990fb535f2","title":"Chancellor Campbell — intel"}
{"at":"2026-07-04T15:59:32.944Z","level":"info","event":"dedupe_rule","action":"upsert_rejected","reason":"duplicate_url","id":"intel:236347|target_update|2026-07-04","duplicateOf":"commit:desmond-green|florida|2025-06-26","hash":"35f12164bb9cb685fdc3ae9007e0f48a3d99468bf0c5bcb44da35021d946b5e3","title":"Desmond Green — intel"}
{"at":"2026-07-04T15:59:32.960Z","level":"info","event":"dedupe_rule","action":"upsert_rejected","reason":"duplicate_url","id":"intel:243619|target_update|2026-07-04","duplicateOf":"commit:javarii-luckas|florida|2025-06-16","hash":"39c3a54905c701ce4d050c6db952b56b58a66ec7fcee70d0c5aa468b41e1bc9e","title":"Javarii Luckas — intel"}
{"at":"2026-07-04T15:59:32.977Z","level":"info","event":"dedupe_rule","action":"upsert_rejected","reason":"duplicate_url","id":"intel:260787|target_update|2026-07-04","duplicateOf":"commit:eric-parks|florida|2026-02-05","hash":"8208c24c9a4617c943c0b02a1e138e58e44f5e048b6793139d96ba40b68bf509","title":"Eric Parks — intel"}
{"at":"2026-07-04T15:59:32.991Z","level":"info","event":"dedupe_rule","action":"upsert_rejected","reason":"duplicate_url","id":"intel:284115|target_update|2026-07-04","duplicateOf":"commit:armani-strong|florida|2026-06-28","hash":"f2f83cf1adffb6d6f22adea7078c1c2342ccb76d8a9cc03727451f4cb83d5354","title":"Armani Strong — intel"}
{"at":"2026-07-04T15:59:57.996Z","level":"info","event":"dedupe_rule","action":"upsert_rejected","reason":"duplicate_url","id":"intel:250285|target_update|2026-06-29","duplicateOf":"intel:250285|official_visit|2026-07-01","hash":"117046ac2a5dbbdff625396534e9f8b8757e7cac42a19a1cb5536ba847620732","title":"Marquis Evans — Recruiting intel"}
{"at":"2026-07-04T15:59:58.009Z","level":"info","event":"dedupe_rule","action":"upsert_rejected","reason":"duplicate_url","id":"intel:250285|target_update|2026-06-29","duplicateOf":"intel:250285|official_visit|2026-07-01","hash":"62dc0b7c2e548d1db6629074f22619263a9d4e5239265f00649a73b78349950b","title":"Marquis Evans — intel"}
{"at":"2026-07-04T16:00:04.778Z","level":"info","event":"dedupe_rule","action":"upsert_rejected","reason":"duplicate_url","id":"intel:250285|target_update|2026-06-29","duplicateOf":"intel:250285|official_visit|2026-07-01","hash":"62dc0b7c2e548d1db6629074f22619263a9d4e5239265f00649a73b78349950b","title":"Marquis Evans — intel"}
{"at":"2026-07-04T16:00:05.306Z","level":"info","event":"dedupe_rule","action":"upsert_rejected","reason":"duplicate_url","id":"intel:phil-trautwein|target_update|2026-06-30","duplicateOf":"intel:39c09d7d-0df3-45a5-a3bb-1667aec1495f|target_update|2026-06-30","hash":"2a1475784ce59c2ddb9918139f00c41827e5e761ceeb6ce441c8d7a91c945ec3","title":"Phil Trautwein — Recruiting intel"}
{"at":"2026-07-04T16:00:06.265Z","level":"info","event":"dedupe_rule","action":"upsert_rejected","reason":"truncated_copy","id":"intel:259645|target_update|2026-07-01","title":"Joey Fleming — intel"}
{"at":"2026-07-04T16:00:09.376Z","level":"info","event":"dedupe_rule","action":"upsert_rejected","reason":"truncated_copy","id":"intel:259645|target_update|2026-07-01","title":"Joey Fleming — Recruiting intel"}
{"at":"2026-07-04T16:00:09.397Z","level":"info","event":"dedupe_rule","action":"upsert_rejected","reason":"truncated_copy","id":"intel:259645|target_update|2026-07-01","title":"Joey Fleming — intel"}
{"at":"2026-07-04T16:00:09.418Z","level":"info","event":"dedupe_rule","action":"upsert_rejected","reason":"truncated_copy","id":"intel:259645|target_update|2026-07-01","title":"Joey Fleming — Recruiting intel"}
{"at":"2026-07-04T16:00:09.438Z","level":"info","event":"dedupe_rule","action":"upsert_rejected","reason":"duplicate_url","id":"intel:145026|target_update|2026-07-01","duplicateOf":"commit:145026|florida|2026-01-05","hash":"15bd845902b53f63c32a0951e4934a028bbe080c6929c9063f7994f57cb764b9","title":"DK Kalu — intel"}
{"at":"2026-07-04T16:00:09.454Z","level":"info","event":"dedupe_rule","action":"upsert_rejected","reason":"truncated_copy","id":"intel:4f411850-c3cb-4225-b92c-979365d6bdd1|unofficial_visit|2026-07-02","title":"Ayden Woodruff — Unofficial Visit"}
{"at":"2026-07-04T16:02:27.306Z","level":"info","event":"dedupe_rule","action":"upsert_rejected","reason":"duplicate_url","id":"intel:179743|target_update|2026-07-04","duplicateOf":"commit:chancellor-campbell|florida|2025-06-08","hash":"10d3671abee4a9fc6130ba2f40f885e4351773e86ad8953af61442990fb535f2","title":"Chancellor Campbell — intel"}
{"at":"2026-07-04T16:02:27.321Z","level":"info","event":"dedupe_rule","action":"upsert_rejected","reason":"duplicate_url","id":"intel:236347|target_update|2026-07-04","duplicateOf":"commit:desmond-green|florida|2025-06-26","hash":"35f12164bb9cb685fdc3ae9007e0f48a3d99468bf0c5bcb44da35021d946b5e3","title":"Desmond Green — intel"}
{"at":"2026-07-04T16:02:27.333Z","level":"info","event":"dedupe_rule","action":"upsert_rejected","reason":"duplicate_url","id":"intel:243619|target_update|2026-07-04","duplicateOf":"commit:javarii-luckas|florida|2025-06-16","hash":"39c3a54905c701ce4d050c6db952b56b58a66ec7fcee70d0c5aa468b41e1bc9e","title":"Javarii Luckas — intel"}
{"at":"2026-07-04T16:02:27.344Z","level":"info","event":"dedupe_rule","action":"upsert_rejected","reason":"duplicate_url","id":"intel:260787|target_update|2026-07-04","duplicateOf":"commit:eric-parks|florida|2026-02-05","hash":"8208c24c9a4617c943c0b02a1e138e58e44f5e048b6793139d96ba40b68bf509","title":"Eric Parks — intel"}
{"at":"2026-07-04T16:02:27.356Z","level":"info","event":"dedupe_rule","action":"upsert_rejected","reason":"duplicate_url","id":"intel:284115|target_update|2026-07-04","duplicateOf":"commit:armani-strong|florida|2026-06-28","hash":"f2f83cf1adffb6d6f22adea7078c1c2342ccb76d8a9cc03727451f4cb83d5354","title":"Armani Strong — intel"}
{"at":"2026-07-04T16:02:47.809Z","level":"info","event":"dedupe_rule","action":"upsert_rejected","reason":"duplicate_url","id":"intel:250285|target_update|2026-06-29","duplicateOf":"intel:250285|official_visit|2026-07-01","hash":"117046ac2a5dbbdff625396534e9f8b8757e7cac42a19a1cb5536ba847620732","title":"Marquis Evans — Recruiting intel"}
{"at":"2026-07-04T16:02:47.822Z","level":"info","event":"dedupe_rule","action":"upsert_rejected","reason":"duplicate_url","id":"intel:250285|target_update|2026-06-29","duplicateOf":"intel:250285|official_visit|2026-07-01","hash":"62dc0b7c2e548d1db6629074f22619263a9d4e5239265f00649a73b78349950b","title":"Marquis Evans — intel"}
{"at":"2026-07-04T16:02:52.687Z","level":"info","event":"dedupe_rule","action":"upsert_rejected","reason":"duplicate_url","id":"intel:250285|target_update|2026-06-29","duplicateOf":"intel:250285|official_visit|2026-07-01","hash":"62dc0b7c2e548d1db6629074f22619263a9d4e5239265f00649a73b78349950b","title":"Marquis Evans — intel"}
{"at":"2026-07-04T16:02:53.009Z","level":"info","event":"dedupe_rule","action":"upsert_rejected","reason":"duplicate_url","id":"intel:phil-trautwein|target_update|2026-06-30","duplicateOf":"intel:39c09d7d-0df3-45a5-a3bb-1667aec1495f|target_update|2026-06-30","hash":"2a1475784ce59c2ddb9918139f00c41827e5e761ceeb6ce441c8d7a91c945ec3","title":"Phil Trautwein — Recruiting intel"}
{"at":"2026-07-04T16:02:53.655Z","level":"info","event":"dedupe_rule","action":"upsert_rejected","reason":"truncated_copy","id":"intel:259645|target_update|2026-07-01","title":"Joey Fleming — intel"}
{"at":"2026-07-04T16:02:55.617Z","level":"info","event":"dedupe_rule","action":"upsert_rejected","reason":"truncated_copy","id":"intel:259645|target_update|2026-07-01","title":"Joey Fleming — Recruiting intel"}
{"at":"2026-07-04T16:02:55.630Z","level":"info","event":"dedupe_rule","action":"upsert_rejected","reason":"truncated_copy","id":"intel:259645|target_update|2026-07-01","title":"Joey Fleming — intel"}
{"at":"2026-07-04T16:02:55.644Z","level":"info","event":"dedupe_rule","action":"upsert_rejected","reason":"truncated_copy","id":"intel:259645|target_update|2026-07-01","title":"Joey Fleming — Recruiting intel"}
{"at":"2026-07-04T16:02:55.661Z","level":"info","event":"dedupe_rule","action":"upsert_rejected","reason":"duplicate_url","id":"intel:145026|target_update|2026-07-01","duplicateOf":"commit:145026|florida|2026-01-05","hash":"15bd845902b53f63c32a0951e4934a028bbe080c6929c9063f7994f57cb764b9","title":"DK Kalu — intel"}
{"at":"2026-07-04T16:02:55.673Z","level":"info","event":"dedupe_rule","action":"upsert_rejected","reason":"truncated_copy","id":"intel:4f411850-c3cb-4225-b92c-979365d6bdd1|unofficial_visit|2026-07-02","title":"Ayden Woodruff — Unofficial Visit"}
{"at":"2026-07-04T16:05:41.937Z","level":"info","event":"dedupe_rule","action":"upsert_rejected","reason":"duplicate_url","id":"intel:179743|target_update|2026-07-04","duplicateOf":"commit:chancellor-campbell|florida|2025-06-08","hash":"10d3671abee4a9fc6130ba2f40f885e4351773e86ad8953af61442990fb535f2","title":"Chancellor Campbell — intel"}
{"at":"2026-07-04T16:05:42.077Z","level":"info","event":"dedupe_rule","action":"upsert_rejected","reason":"duplicate_url","id":"intel:236347|target_update|2026-07-04","duplicateOf":"commit:desmond-green|florida|2025-06-26","hash":"35f12164bb9cb685fdc3ae9007e0f48a3d99468bf0c5bcb44da35021d946b5e3","title":"Desmond Green — intel"}
{"at":"2026-07-04T16:05:42.266Z","level":"info","event":"dedupe_rule","action":"upsert_rejected","reason":"duplicate_url","id":"intel:243619|target_update|2026-07-04","duplicateOf":"commit:javarii-luckas|florida|2025-06-16","hash":"39c3a54905c701ce4d050c6db952b56b58a66ec7fcee70d0c5aa468b41e1bc9e","title":"Javarii Luckas — intel"}
{"at":"2026-07-04T16:05:42.312Z","level":"info","event":"dedupe_rule","action":"upsert_rejected","reason":"duplicate_url","id":"intel:260787|target_update|2026-07-04","duplicateOf":"commit:eric-parks|florida|2026-02-05","hash":"8208c24c9a4617c943c0b02a1e138e58e44f5e048b6793139d96ba40b68bf509","title":"Eric Parks — intel"}
{"at":"2026-07-04T16:05:42.357Z","level":"info","event":"dedupe_rule","action":"upsert_rejected","reason":"duplicate_url","id":"intel:284115|target_update|2026-07-04","duplicateOf":"commit:armani-strong|florida|2026-06-28","hash":"f2f83cf1adffb6d6f22adea7078c1c2342ccb76d8a9cc03727451f4cb83d5354","title":"Armani Strong — intel"}
{"at":"2026-07-04T16:06:18.222Z","level":"info","event":"dedupe_rule","action":"upsert_rejected","reason":"duplicate_url","id":"intel:250285|target_update|2026-06-29","duplicateOf":"intel:250285|official_visit|2026-07-01","hash":"117046ac2a5dbbdff625396534e9f8b8757e7cac42a19a1cb5536ba847620732","title":"Marquis Evans — Recruiting intel"}
{"at":"2026-07-04T16:06:18.248Z","level":"info","event":"dedupe_rule","action":"upsert_rejected","reason":"duplicate_url","id":"intel:250285|target_update|2026-06-29","duplicateOf":"intel:250285|official_visit|2026-07-01","hash":"62dc0b7c2e548d1db6629074f22619263a9d4e5239265f00649a73b78349950b","title":"Marquis Evans — intel"}
{"at":"2026-07-04T16:06:22.986Z","level":"info","event":"dedupe_rule","action":"upsert_rejected","reason":"duplicate_url","id":"intel:250285|target_update|2026-06-29","duplicateOf":"intel:250285|official_visit|2026-07-01","hash":"62dc0b7c2e548d1db6629074f22619263a9d4e5239265f00649a73b78349950b","title":"Marquis Evans — intel"}
{"at":"2026-07-04T16:06:23.362Z","level":"info","event":"dedupe_rule","action":"upsert_rejected","reason":"duplicate_url","id":"intel:phil-trautwein|target_update|2026-06-30","duplicateOf":"intel:39c09d7d-0df3-45a5-a3bb-1667aec1495f|target_update|2026-06-30","hash":"2a1475784ce59c2ddb9918139f00c41827e5e761ceeb6ce441c8d7a91c945ec3","title":"Phil Trautwein — Recruiting intel"}
{"at":"2026-07-04T16:06:24.055Z","level":"info","event":"dedupe_rule","action":"upsert_rejected","reason":"truncated_copy","id":"intel:259645|target_update|2026-07-01","title":"Joey Fleming — intel"}
{"at":"2026-07-04T16:06:26.836Z","level":"info","event":"dedupe_rule","action":"upsert_rejected","reason":"truncated_copy","id":"intel:259645|target_update|2026-07-01","title":"Joey Fleming — Recruiting intel"}
{"at":"2026-07-04T16:06:26.866Z","level":"info","event":"dedupe_rule","action":"upsert_rejected","reason":"truncated_copy","id":"intel:259645|target_update|2026-07-01","title":"Joey Fleming — intel"}
{"at":"2026-07-04T16:06:26.898Z","level":"info","event":"dedupe_rule","action":"upsert_rejected","reason":"truncated_copy","id":"intel:259645|target_update|2026-07-01","title":"Joey Fleming — Recruiting intel"}
{"at":"2026-07-04T16:06:26.928Z","level":"info","event":"dedupe_rule","action":"upsert_rejected","reason":"duplicate_url","id":"intel:145026|target_update|2026-07-01","duplicateOf":"commit:145026|florida|2026-01-05","hash":"15bd845902b53f63c32a0951e4934a028bbe080c6929c9063f7994f57cb764b9","title":"DK Kalu — intel"}
{"at":"2026-07-04T16:06:26.951Z","level":"info","event":"dedupe_rule","action":"upsert_rejected","reason":"truncated_copy","id":"intel:4f411850-c3cb-4225-b92c-979365d6bdd1|unofficial_visit|2026-07-02","title":"Ayden Woodruff — Unofficial Visit"}
{"at":"2026-07-04T16:07:58.075Z","level":"info","event":"dedupe_rule","action":"upsert_rejected","reason":"duplicate_url","id":"gators-online_d046b2e5-baf0-4fc6-a42d-6bb713c855d7","duplicateOf":"gators-online_ecde34a6-2304-4467-ace8-837a4899448b","hash":"1fe1c83e6227b6bfed4af3cde5defa35f4a8891dda8f80ccab846d1be4d1f733","title":"New episode: Gators Online Podcast — Ep. 190: Takeaways from Florida&apos;s roster in CFB 27 | Gators Online Show"}
{"at":"2026-07-04T16:08:31.427Z","level":"info","event":"dedupe_rule","action":"upsert_rejected","reason":"duplicate_url","id":"intel:179743|target_update|2026-07-04","duplicateOf":"commit:chancellor-campbell|florida|2025-06-08","hash":"10d3671abee4a9fc6130ba2f40f885e4351773e86ad8953af61442990fb535f2","title":"Chancellor Campbell — intel"}
{"at":"2026-07-04T16:08:31.444Z","level":"info","event":"dedupe_rule","action":"upsert_rejected","reason":"duplicate_url","id":"intel:236347|target_update|2026-07-04","duplicateOf":"commit:desmond-green|florida|2025-06-26","hash":"35f12164bb9cb685fdc3ae9007e0f48a3d99468bf0c5bcb44da35021d946b5e3","title":"Desmond Green — intel"}
{"at":"2026-07-04T16:08:31.456Z","level":"info","event":"dedupe_rule","action":"upsert_rejected","reason":"duplicate_url","id":"intel:243619|target_update|2026-07-04","duplicateOf":"commit:javarii-luckas|florida|2025-06-16","hash":"39c3a54905c701ce4d050c6db952b56b58a66ec7fcee70d0c5aa468b41e1bc9e","title":"Javarii Luckas — intel"}
{"at":"2026-07-04T16:08:31.468Z","level":"info","event":"dedupe_rule","action":"upsert_rejected","reason":"duplicate_url","id":"intel:260787|target_update|2026-07-04","duplicateOf":"commit:eric-parks|florida|2026-02-05","hash":"8208c24c9a4617c943c0b02a1e138e58e44f5e048b6793139d96ba40b68bf509","title":"Eric Parks — intel"}
{"at":"2026-07-04T16:08:31.480Z","level":"info","event":"dedupe_rule","action":"upsert_rejected","reason":"duplicate_url","id":"intel:284115|target_update|2026-07-04","duplicateOf":"commit:armani-strong|florida|","hash":"f2f83cf1adffb6d6f22adea7078c1c2342ccb76d8a9cc03727451f4cb83d5354","title":"Armani Strong — intel"}
{"at":"2026-07-04T16:08:53.104Z","level":"info","event":"dedupe_rule","action":"upsert_rejected","reason":"duplicate_url","id":"intel:250285|target_update|2026-06-29","duplicateOf":"intel:250285|official_visit|2026-07-01","hash":"117046ac2a5dbbdff625396534e9f8b8757e7cac42a19a1cb5536ba847620732","title":"Marquis Evans — Recruiting intel"}
{"at":"2026-07-04T16:08:53.122Z","level":"info","event":"dedupe_rule","action":"upsert_rejected","reason":"duplicate_url","id":"intel:250285|target_update|2026-06-29","duplicateOf":"intel:250285|official_visit|2026-07-01","hash":"62dc0b7c2e548d1db6629074f22619263a9d4e5239265f00649a73b78349950b","title":"Marquis Evans — intel"}
{"at":"2026-07-04T16:08:58.388Z","level":"info","event":"dedupe_rule","action":"upsert_rejected","reason":"duplicate_url","id":"intel:250285|target_update|2026-06-29","duplicateOf":"intel:250285|official_visit|2026-07-01","hash":"62dc0b7c2e548d1db6629074f22619263a9d4e5239265f00649a73b78349950b","title":"Marquis Evans — intel"}
{"at":"2026-07-04T16:08:58.860Z","level":"info","event":"dedupe_rule","action":"upsert_rejected","reason":"duplicate_url","id":"intel:phil-trautwein|target_update|2026-06-30","duplicateOf":"intel:39c09d7d-0df3-45a5-a3bb-1667aec1495f|target_update|2026-06-30","hash":"2a1475784ce59c2ddb9918139f00c41827e5e761ceeb6ce441c8d7a91c945ec3","title":"Phil Trautwein — Recruiting intel"}
{"at":"2026-07-04T16:08:59.763Z","level":"info","event":"dedupe_rule","action":"upsert_rejected","reason":"truncated_copy","id":"intel:259645|target_update|2026-07-01","title":"Joey Fleming — intel"}
{"at":"2026-07-04T16:09:02.227Z","level":"info","event":"dedupe_rule","action":"upsert_rejected","reason":"truncated_copy","id":"intel:259645|target_update|2026-07-01","title":"Joey Fleming — Recruiting intel"}
{"at":"2026-07-04T16:09:02.240Z","level":"info","event":"dedupe_rule","action":"upsert_rejected","reason":"truncated_copy","id":"intel:259645|target_update|2026-07-01","title":"Joey Fleming — intel"}
{"at":"2026-07-04T16:09:02.251Z","level":"info","event":"dedupe_rule","action":"upsert_rejected","reason":"truncated_copy","id":"intel:259645|target_update|2026-07-01","title":"Joey Fleming — Recruiting intel"}
{"at":"2026-07-04T16:09:02.266Z","level":"info","event":"dedupe_rule","action":"upsert_rejected","reason":"duplicate_url","id":"intel:145026|target_update|2026-07-01","duplicateOf":"commit:145026|florida|2026-01-05","hash":"15bd845902b53f63c32a0951e4934a028bbe080c6929c9063f7994f57cb764b9","title":"DK Kalu — intel"}
{"at":"2026-07-04T16:09:02.281Z","level":"info","event":"dedupe_rule","action":"upsert_rejected","reason":"truncated_copy","id":"intel:4f411850-c3cb-4225-b92c-979365d6bdd1|unofficial_visit|2026-07-02","title":"Ayden Woodruff — Unofficial Visit"}
